institution_name,year,document_type,comparison_budget_total,comparison_metric_code,budget_total,income_total,expense_total,current_year_income_total,current_year_expense_total,fiscal_appropriation_income,general_public_budget_appropriation_income,government_fund_budget_appropriation_income,general_public_budget_fiscal_appropriation,undertaking_income,other_income,non_fiscal_surplus_used,carryover_from_previous_year,carryover_to_next_year,current_year_fiscal_appropriation_expense,education_expense,science_technology_expense,social_security_employment_expense,health_expense,housing_security_expense,resource_exploration_industry_information_expense,energy_conservation_environmental_protection_expense,source_types,source_urls,source_pdfs,metric_codes_available,verified_any,derived_notes
上海交通大学,2016,budget,118.030124,budget_total,118.030124,118.030124,118.030124,90.247117,91.030124,,20.583617,,,48.722,20.7915,,27.783007,27.0,,115.533722,1.785803,,,0.710601,,,official_html,https://gk.sjtu.edu.cn/Phone/View/502,,budget_total; carryover_from_previous_year; carryover_to_next_year; current_year_expense_total; current_year_income_total; education_expense; expense_total; general_public_budget_appropriation_income; housing_security_expense; income_total; other_income; science_technology_expense; undertaking_income,False,
上海交通大学,2017,budget,140.773366,income_total,,140.773366,140.773366,108.347729,112.773366,,30.648129,,,53.1,24.5996,,32.425637,28.0,,107.430638,4.554528,,,0.7882,,,official_pdf,https://gk.sjtu.edu.cn/Assets/userfiles/sys_eb538c1c-65ff-4e82-8e6a-a1ef01127fed/files/gkml/%E4%B8%8A%E6%B5%B7%E4%BA%A4%E9%80%9A%E5%A4%A7%E5%AD%A62017%E5%B9%B4%E5%BA%A6%E9%83%A8%E9%97%A8%E9%A2%84%E7%AE%97.pdf,/Users/adam/projects/statistics/budget_uni/data/raw/official/pdfs/sjtu_2017_budget_10d47c32.pdf,carryover_from_previous_year; carryover_to_next_year; current_year_expense_total; current_year_income_total; education_expense; expense_total; general_public_budget_appropriation_income; housing_security_expense; income_total; other_income; science_technology_expense; undertaking_income,False,
上海交通大学,2018,budget,144.87757,income_total,,144.87757,144.87757,111.911689,114.87757,,32.226029,,,56.5,23.18566,,32.965881,30.0,,110.770743,3.282527,,,0.8043,,,official_pdf,https://gk.sjtu.edu.cn/Assets/userfiles/sys_eb538c1c-65ff-4e82-8e6a-a1ef01127fed/files/20180427/%E4%B8%8A%E6%B5%B7%E4%BA%A4%E9%80%9A%E5%A4%A7%E5%AD%A62018%E5%B9%B4%E5%BA%A6%E9%83%A8%E9%97%A8%E9%A2%84%E7%AE%97.pdf,/Users/adam/projects/statistics/budget_uni/data/raw/official/pdfs/sjtu_2018_budget_57152629.pdf,carryover_from_previous_year; carryover_to_next_year; current_year_expense_total; current_year_income_total; education_expense; expense_total; general_public_budget_appropriation_income; housing_security_expense; income_total; other_income; science_technology_expense; undertaking_income,False,
上海交通大学,2019,budget,156.319958,income_total,,156.319958,156.319958,125.286258,126.319958,,33.401403,,,58.4,33.484855,,31.0337,30.0,,123.640488,1.73387,,,0.9456,,,official_pdf,https://gk.sjtu.edu.cn/Assets/userfiles/sys_eb538c1c-65ff-4e82-8e6a-a1ef01127fed/files/20190425/20190425084935583.pdf,/Users/adam/projects/statistics/budget_uni/data/raw/official/pdfs/sjtu_2019_budget_d3c60817.pdf,carryover_from_previous_year; carryover_to_next_year; current_year_expense_total; current_year_income_total; education_expense; expense_total; general_public_budget_appropriation_income; housing_security_expense; income_total; other_income; science_technology_expense; undertaking_income,False,
上海交通大学,2020,budget,164.900092,income_total,,164.900092,164.900092,131.923192,132.900092,,30.919869,,,66.5,34.503323,,32.9769,32.0,,129.609024,2.341268,,,0.9498,,,official_pdf,https://gk.sjtu.edu.cn/Assets/userfiles/sys_eb538c1c-65ff-4e82-8e6a-a1ef01127fed/files/20200703/20200703102725573.pdf,/Users/adam/projects/statistics/budget_uni/data/raw/official/pdfs/sjtu_2020_budget_9c34f1cf.pdf,carryover_from_previous_year; carryover_to_next_year; current_year_expense_total; current_year_income_total; education_expense; expense_total; general_public_budget_appropriation_income; housing_security_expense; income_total; other_income; science_technology_expense; undertaking_income,False,
上海交通大学,2021,budget,175.647416,income_total,,175.647416,175.647416,142.895209,143.647416,,29.969396,,,80.146,32.779813,,32.752207,32.0,,139.55485,2.49127,,,1.601296,,,official_pdf,https://gk.sjtu.edu.cn/Assets/userfiles/sys_eb538c1c-65ff-4e82-8e6a-a1ef01127fed/files/20210409/20210409085653062.pdf,/Users/adam/projects/statistics/budget_uni/data/raw/official/pdfs/sjtu_2021_budget_3deacf3c.pdf,carryover_from_previous_year; carryover_to_next_year; current_year_expense_total; current_year_income_total; education_expense; expense_total; general_public_budget_appropriation_income; housing_security_expense; income_total; other_income; science_technology_expense; undertaking_income,False,
上海交通大学,2022,budget,204.198443,income_total,,204.198443,204.198443,153.112249,157.198443,,29.462249,,,87.4,36.25,,51.086194,47.0,,151.515945,2.239962,1.79124,,1.651296,,,official_pdf,https://gk.sjtu.edu.cn/Assets/userfiles/sys_eb538c1c-65ff-4e82-8e6a-a1ef01127fed/files/20220421/20220421182159888.pdf,/Users/adam/projects/statistics/budget_uni/data/raw/official/pdfs/sjtu_2022_budget_e5e7f67f.pdf,carryover_from_previous_year; carryover_to_next_year; current_year_expense_total; current_year_income_total; education_expense; expense_total; general_public_budget_appropriation_income; housing_security_expense; income_total; other_income; science_technology_expense; social_security_employment_expense; undertaking_income,False,
上海交通大学,2023,budget,265.164863,income_total,,265.164863,265.164863,179.964285,200.164863,,28.353185,,,99.014,52.5971,19.500584,65.699994,65.0,,191.134572,1.531731,5.19356,,2.305,,,official_pdf,https://gk.sjtu.edu.cn/Assets/userfiles/sys_eb538c1c-65ff-4e82-8e6a-a1ef01127fed/files/20230421/20230421140414884.pdf,/Users/adam/projects/statistics/budget_uni/data/raw/official/pdfs/sjtu_2023_budget_b7a6b4ce.pdf,carryover_from_previous_year; carryover_to_next_year; current_year_expense_total; current_year_income_total; education_expense; expense_total; general_public_budget_appropriation_income; housing_security_expense; income_total; non_fiscal_surplus_used; other_income; science_technology_expense; social_security_employment_expense; undertaking_income,False,
上海交通大学,2024,budget,281.576575,income_total,,281.576575,281.576575,189.099081,216.016575,,30.841081,,,110.163,48.095,24.287224,68.19027,65.56,,204.380963,1.795612,6.04,,3.8,,,official_pdf,https://gk.sjtu.edu.cn/Assets/userfiles/sys_eb538c1c-65ff-4e82-8e6a-a1ef01127fed/files/20240419/20240419134127209.pdf,/Users/adam/projects/statistics/budget_uni/data/raw/official/pdfs/sjtu_2024_budget_2d10684f.pdf,carryover_from_previous_year; carryover_to_next_year; current_year_expense_total; current_year_income_total; education_expense; expense_total; general_public_budget_appropriation_income; housing_security_expense; income_total; non_fiscal_surplus_used; other_income; science_technology_expense; social_security_employment_expense; undertaking_income,False,
上海交通大学,2025,budget,294.477274,income_total,,294.477274,294.477274,199.063503,224.457274,,33.782603,3.8809,,117.93,43.47,24.573122,70.840649,70.02,,211.995878,2.044686,6.42,,3.99671,,,official_pdf,https://gk.sjtu.edu.cn/Assets/userfiles/sys_eb538c1c-65ff-4e82-8e6a-a1ef01127fed/files/20250418/20250418150938996.pdf,/Users/adam/projects/statistics/budget_uni/data/raw/official/pdfs/sjtu_2025_budget_84392401.pdf,carryover_from_previous_year; carryover_to_next_year; current_year_expense_total; current_year_income_total; education_expense; expense_total; general_public_budget_appropriation_income; government_fund_budget_appropriation_income; housing_security_expense; income_total; non_fiscal_surplus_used; other_income; science_technology_expense; social_security_employment_expense; undertaking_income,False,
上海交通大学,2026,budget,304.114821,income_total,,304.114821,304.114821,216.850226,239.194821,,38.623126,5.6561,,129.33,43.241,12.058102,75.206493,64.92,,225.231627,3.016238,6.64,,4.306956,,,official_pdf,https://gk.sjtu.edu.cn/Assets/userfiles/sys_eb538c1c-65ff-4e82-8e6a-a1ef01127fed/files/20260423/20260423134912384.pdf,/Users/adam/projects/statistics/budget_uni/data/raw/official/pdfs/sjtu_2026_budget.pdf,carryover_from_previous_year; carryover_to_next_year; current_year_expense_total; current_year_income_total; education_expense; expense_total; general_public_budget_appropriation_income; government_fund_budget_appropriation_income; housing_security_expense; income_total; non_fiscal_surplus_used; other_income; science_technology_expense; social_security_employment_expense; undertaking_income,False,
中国科学技术大学,2017,budget,53.534431,income_total,,53.534431,53.534431,49.079331,53.534431,,28.349331,,,15.73,5.0,,4.4551,,,27.677475,25.440946,,,0.41601,,,official_pdf,https://xxgk.ustc.edu.cn/_upload/article/files/9f/d7/d5549e5f46dea88bd8ffc78c19f3/e930dafe-693d-46d7-8332-65723e8058ec.pdf,/Users/adam/projects/statistics/budget_uni/data/raw/official/pdfs/ustc_2017_budget_dcb7f133.pdf,carryover_from_previous_year; current_year_expense_total; current_year_income_total; education_expense; expense_total; general_public_budget_appropriation_income; housing_security_expense; income_total; other_income; science_technology_expense; undertaking_income,False,
中国科学技术大学,2018,budget,57.696846,income_total,,57.696846,57.696846,51.522046,57.696846,,25.342046,,,20.18,6.0,,6.1748,,,29.588505,27.736056,,,0.372285,,,official_pdf,https://xxgk.ustc.edu.cn/_upload/article/files/04/34/d2df43644f5aae3a9b4f6c1a7c6c/abc82211-7a7d-4b67-92ff-91f79bdf0c6f.pdf,/Users/adam/projects/statistics/budget_uni/data/raw/official/pdfs/ustc_2018_budget_e92df1b9.pdf,carryover_from_previous_year; current_year_expense_total; current_year_income_total; education_expense; expense_total; general_public_budget_appropriation_income; housing_security_expense; income_total; other_income; science_technology_expense; undertaking_income,False,
中国科学技术大学,2019,budget,68.523674,income_total,,68.523674,68.523674,61.973674,68.523674,,29.673674,,,24.8,6.0,,6.55,,,32.111673,35.810382,,,0.401619,,,official_pdf,https://xxgk.ustc.edu.cn/_upload/article/files/90/e0/8e1b7a2241cd902d11006e58cbf6/615cf5a7-7e59-4ff1-b6e6-7e7cc265fb0d.pdf,/Users/adam/projects/statistics/budget_uni/data/raw/official/pdfs/ustc_2019_budget_73d84c06.pdf,carryover_from_previous_year; current_year_expense_total; current_year_income_total; education_expense; expense_total; general_public_budget_appropriation_income; housing_security_expense; income_total; other_income; science_technology_expense; undertaking_income,False,
中国科学技术大学,2020,budget,72.484854,income_total,,72.484854,72.484854,66.449854,72.484854,,31.049854,,,25.2,7.4,,6.035,,,34.184163,37.842399,,,0.413292,,,official_pdf,https://xxgk.ustc.edu.cn/_upload/article/files/0d/d7/aa20424d49229dadb09d9d8039ed/1c22376d-4d21-4e54-8c56-6bb4f9da191c.pdf,/Users/adam/projects/statistics/budget_uni/data/raw/official/pdfs/ustc_2020_budget_6f3c5de4.pdf,carryover_from_previous_year; current_year_expense_total; current_year_income_total; education_expense; expense_total; general_public_budget_appropriation_income; housing_security_expense; income_total; other_income; science_technology_expense; undertaking_income,False,
中国科学技术大学,2021,budget,72.997584,income_total,,72.997584,72.997584,71.317084,72.997584,,33.621984,0.1951,,26.5,8.0,,1.6805,,,34.201704,38.356713,,,0.439167,,,official_pdf,https://xxgk.ustc.edu.cn/_upload/article/files/7d/cf/312856404f19829a0e1afd101438/788d90cb-4d4b-42e3-bdb7-fe755a6d02cd.pdf,/Users/adam/projects/statistics/budget_uni/data/raw/official/pdfs/ustc_2021_budget_790aeecc.pdf,carryover_from_previous_year; current_year_expense_total; current_year_income_total; education_expense; expense_total; general_public_budget_appropriation_income; government_fund_budget_appropriation_income; housing_security_expense; income_total; other_income; science_technology_expense; undertaking_income,False,
中国科学技术大学,2022,budget,133.84772,income_total,,133.84772,133.84772,74.418124,78.00772,,36.091524,0.0266,,26.9,8.4,,59.429596,55.84,,37.807845,39.168965,0.5652,,0.46571,,,official_pdf,https://xxgk.ustc.edu.cn/_upload/article/files/16/76/fb41cafa412a976d1b8b7a402bf3/a0d5ef63-a9cf-4572-a503-34e2bc588982.pdf,/Users/adam/projects/statistics/budget_uni/data/raw/official/pdfs/ustc_2022_budget_19ce1178.pdf,carryover_from_previous_year; carryover_to_next_year; current_year_expense_total; current_year_income_total; education_expense; expense_total; general_public_budget_appropriation_income; government_fund_budget_appropriation_income; housing_security_expense; income_total; other_income; science_technology_expense; social_security_employment_expense; undertaking_income,False,
中国科学技术大学,2023,budget,138.973891,income_total,,138.973891,138.973891,69.273891,75.074991,,31.303891,,,24.8,10.87,,69.7,63.8989,,38.066413,34.040815,1.615252,,1.352511,,,official_pdf,https://xxgk.ustc.edu.cn/_upload/article/files/56/09/c04b0d65483d8d377dbfb7038204/32d23d2d-c800-49e6-bc9f-cca3353404db.pdf,/Users/adam/projects/statistics/budget_uni/data/raw/official/pdfs/ustc_2023_budget_c6dfedf5.pdf,carryover_from_previous_year; carryover_to_next_year; current_year_expense_total; current_year_income_total; education_expense; expense_total; general_public_budget_appropriation_income; housing_security_expense; income_total; other_income; science_technology_expense; social_security_employment_expense; undertaking_income,False,
中国科学技术大学,2024,budget,139.495435,income_total,,139.495435,139.495435,85.86146,86.830579,,37.33546,,,22.31,23.916,,53.633975,52.664856,,37.003605,46.516833,1.63296,,1.677181,,,official_pdf,https://xxgk.ustc.edu.cn/_upload/article/files/f3/98/8645ada74fb990839237c341b4c3/4029f7c1-b41e-48c7-85f2-be4f3a5caa88.pdf,/Users/adam/projects/statistics/budget_uni/data/raw/official/pdfs/ustc_2024_budget_a753d3cc.pdf,carryover_from_previous_year; carryover_to_next_year; current_year_expense_total; current_year_income_total; education_expense; expense_total; general_public_budget_appropriation_income; housing_security_expense; income_total; other_income; science_technology_expense; social_security_employment_expense; undertaking_income,False,
中国科学技术大学,2025,budget,136.1132,income_total,,136.1132,136.1132,90.665549,92.714946,,40.110049,0.3127,,27.0428,21.0,,45.447651,43.398254,,43.832132,45.427614,1.73,,1.7252,,,official_pdf,https://xxgk.ustc.edu.cn/_upload/article/files/64/3c/aec6f52d4c6981525480c200ad3a/c7ae8b1f-a521-49ef-b25b-1c77403f3357.pdf,/Users/adam/projects/statistics/budget_uni/data/raw/official/pdfs/ustc_2025_budget_faecd75c.pdf,carryover_from_previous_year; carryover_to_next_year; current_year_expense_total; current_year_income_total; education_expense; expense_total; general_public_budget_appropriation_income; government_fund_budget_appropriation_income; housing_security_expense; income_total; other_income; science_technology_expense; social_security_employment_expense; undertaking_income,False,
中国科学技术大学,2026,budget,137.287685,income_total,,137.287685,137.287685,97.287685,98.999364,,46.487685,,,31.0,18.0,,40.0,38.288321,,45.377269,50.545774,1.93,,1.146321,,,official_pdf,https://xxgk.ustc.edu.cn/_upload/article/files/cd/1b/a53baa1c42debe17c7f138282ebb/51fa62fe-e442-4d76-ad54-895c9734426e.pdf,/Users/adam/projects/statistics/budget_uni/data/raw/official/pdfs/ustc_2026_budget_e1dab707.pdf,carryover_from_previous_year; carryover_to_next_year; current_year_expense_total; current_year_income_total; education_expense; expense_total; general_public_budget_appropriation_income; housing_security_expense; income_total; other_income; science_technology_expense; social_security_employment_expense; undertaking_income,False,
北京大学,2016,budget,153.112749,income_total,,153.112749,153.112749,118.860008,120.252749,,27.785908,,,48.3081,42.5766,,34.252741,32.86,,114.304975,3.303971,0.00921,,2.542123,,,official_pdf,https://xxgk.pku.edu.cn/docs/20160506105731184104.pdf,/Users/adam/projects/statistics/budget_uni/data/raw/official/pdfs/pku_2016_finance_document_13699fd3.pdf,carryover_from_previous_year; carryover_to_next_year; current_year_expense_total; current_year_income_total; education_expense; expense_total; general_public_budget_appropriation_income; housing_security_expense; income_total; other_income; science_technology_expense; social_security_employment_expense; undertaking_income,False,
北京大学,2017,budget,193.453269,income_total,,193.453269,193.453269,142.271823,145.851469,,48.834623,,,53.2048,40.0416,,51.181446,47.6018,,138.604462,4.19597,0.009919,,2.954923,,,official_pdf,https://xxgk.pku.edu.cn/docs/20170426091251871222.pdf,/Users/adam/projects/statistics/budget_uni/data/raw/official/pdfs/pku_2017_finance_document_9def5e60.pdf,carryover_from_previous_year; carryover_to_next_year; current_year_expense_total; current_year_income_total; education_expense; expense_total; general_public_budget_appropriation_income; housing_security_expense; income_total; other_income; science_technology_expense; social_security_employment_expense; undertaking_income,False,
北京大学,2018,budget,125.543167,income_total,,125.543167,125.543167,123.91465,125.543167,,534393.84,,,479899.2,22.294546,,1.628517,,,1174538.28,4.576253,0.009919,,3.255776,,,official_pdf,https://xxgk.pku.edu.cn/docs/20180427085834038899.pdf,/Users/adam/projects/statistics/budget_uni/data/raw/official/pdfs/pku_2018_finance_document_c4f5867d.pdf,carryover_from_previous_year; current_year_expense_total; current_year_income_total; education_expense; expense_total; general_public_budget_appropriation_income; housing_security_expense; income_total; other_income; science_technology_expense; social_security_employment_expense; undertaking_income,False,
北京大学,2019,budget,190.068978,income_total,,190.068978,190.068978,133.077227,135.770174,,,,,50.364918,24.380527,,56.991751,54.298804,,124.544711,4.48463,3.151372,,3.324809,,,official_pdf,https://xxgk.pku.edu.cn/docs/20190426085248233358.pdf,/Users/adam/projects/statistics/budget_uni/data/raw/official/pdfs/pku_2019_finance_document_6d771275.pdf,carryover_from_previous_year; carryover_to_next_year; current_year_expense_total; current_year_income_total; education_expense; expense_total; housing_security_expense; income_total; other_income; science_technology_expense; social_security_employment_expense; undertaking_income,False,
北京大学,2020,budget,191.080814,income_total,,191.080814,191.080814,129.288162,142.228212,47.638123,,,,53.434733,28.215506,8.763034,53.029418,48.852602,,,,,,,,,official_pdf,https://xxgk.pku.edu.cn/docs/20200703095843466311.pdf,/Users/adam/projects/statistics/budget_uni/data/raw/official/pdfs/pku_2020_finance_document_eeb3a39d.pdf,carryover_from_previous_year; current_year_expense_total; income_total; non_fiscal_surplus_used; other_income; undertaking_income,False,manual override from official PDF Table 1; PyMuPDF text interleaved PKU 2020 income/expense columns
北京大学,2022,budget,219.286272,expense_total,,,219.286272,160.097188,163.863388,,51.711159,0.01155,,71.217472,37.157007,2.9089,56.280184,55.422884,,,,,,,,,official_pdf,https://xxgk.pku.edu.cn/docs/20220421175709111901.pdf,/Users/adam/projects/statistics/budget_uni/data/raw/official/pdfs/pku_2022_budget_837f2f77.pdf,carryover_from_previous_year; carryover_to_next_year; current_year_expense_total; current_year_income_total; expense_total; general_public_budget_appropriation_income; government_fund_budget_appropriation_income; non_fiscal_surplus_used; other_income; undertaking_income,False,
北京大学,2023,budget,222.465984,expense_total,,,222.465984,150.895984,162.435975,,,,,71.737295,32.008486,11.46,60.11,60.030009,,,,,,,,,official_pdf,https://xxgk.pku.edu.cn/docs/20230421170004313283.pdf,/Users/adam/projects/statistics/budget_uni/data/raw/official/pdfs/pku_2023_budget_32f06e47.pdf,carryover_from_previous_year; carryover_to_next_year; current_year_expense_total; current_year_income_total; expense_total; non_fiscal_surplus_used; other_income; undertaking_income,False,
北京大学,2024,budget,243.29975,expense_total,,,243.29975,162.576625,182.262333,,,,,78.607231,35.234631,14.3,66.423124,61.037416,,,,,,,,,official_pdf,https://xxgk.pku.edu.cn/docs/20240419175741718941.pdf,/Users/adam/projects/statistics/budget_uni/data/raw/official/pdfs/pku_2024_budget_2ee661c9.pdf,carryover_from_previous_year; carryover_to_next_year; current_year_expense_total; current_year_income_total; expense_total; non_fiscal_surplus_used; other_income; undertaking_income,False,
北京大学,2025,budget,259.135837,income_total,,259.135837,259.135837,172.61957,191.379638,,,,,84.40899,30.792372,14.28,72.236267,67.756199,,,,,,,,,official_pdf,https://xxgk.pku.edu.cn/docs/20250418180029581910.pdf,/Users/adam/projects/statistics/budget_uni/data/raw/official/pdfs/pku_2025_budget_a676fc98.pdf,carryover_from_previous_year; carryover_to_next_year; current_year_expense_total; current_year_income_total; expense_total; income_total; non_fiscal_surplus_used; other_income; undertaking_income,False,
北京大学,2026,budget,280.492826,income_total,,280.492826,280.492827,184.991735,202.229562,,57.156581,4.7286,,91.904865,31.201689,12.48,83.021091,78.263264,,,,,,,,,official_pdf,https://xxgk.pku.edu.cn/docs/2026-04/53e37cbcda454342924db62f97038064.pdf,/Users/adam/projects/statistics/budget_uni/data/raw/official/pdfs/pku_2026_budget.pdf,carryover_from_previous_year; carryover_to_next_year; current_year_expense_total; current_year_income_total; expense_total; general_public_budget_appropriation_income; government_fund_budget_appropriation_income; income_total; non_fiscal_surplus_used; other_income; undertaking_income,False,
南京大学,2013,budget,35.897426,income_total,,35.897426,35.897426,35.897426,35.897426,,,,,7.2459,16.1492,,,,,,,,,,,,official_pdf,https://xxgk.nju.edu.cn/_upload/article/2c/18/3b41aee64ea5af2d6b32c5a4b3d0/f608ced2-54d5-481b-8f6c-387ea8edb762.pdf,/Users/adam/projects/statistics/budget_uni/data/raw/official/pdfs/nju_2013_budget_a66a6d37.pdf,current_year_expense_total; current_year_income_total; expense_total; income_total; other_income; undertaking_income,False,
南京大学,2014,budget,57.036554,budget_total,57.036554,,,39.740154,40.336554,,,,,15.747,7.3789,,17.2964,16.7,,,,,,,,,official_pdf,https://xxgk.nju.edu.cn/_upload/article/4d/5e/2790f758483fbd2e1a2636174430/0863e0a7-42a5-4b10-af0d-e0c1c6a60db4.pdf,/Users/adam/projects/statistics/budget_uni/data/raw/official/pdfs/nju_2014_budget_cf61ec65.pdf,budget_total; carryover_from_previous_year; carryover_to_next_year; current_year_expense_total; current_year_income_total; other_income; undertaking_income,False,
南京大学,2015,budget,56.075048,expense_total,,,56.075048,37.810848,38.675048,,16.979348,,,15.992,4.7445,,18.2642,17.4,,,,,,,,,official_pdf,https://xxgk.nju.edu.cn/_upload/article/3d/76/5b75602d45a991699fca614588fd/5ce81cfc-8309-40e5-b70d-88a1901c30da.pdf,/Users/adam/projects/statistics/budget_uni/data/raw/official/pdfs/nju_2015_budget_3acbc421.pdf,carryover_from_previous_year; carryover_to_next_year; current_year_expense_total; current_year_income_total; expense_total; general_public_budget_appropriation_income; other_income; undertaking_income,False,
南京大学,2016,budget,57.019958,budget_total,57.019958,57.019958,57.019958,32.182172,38.240958,,14.495172,,,14.6625,2.8945,,18.164486,18.779,,,,,,,,,official_pdf,https://xxgk.nju.edu.cn/_upload/article/files/54/1a/20d4a9e8486997b264c51d78243f/3e25c06a-8273-4e8d-a6b6-feb5406484d3.pdf,/Users/adam/projects/statistics/budget_uni/data/raw/official/pdfs/nju_2016_budget_97e6632d.pdf,budget_total; carryover_from_previous_year; carryover_to_next_year; current_year_expense_total; current_year_income_total; expense_total; general_public_budget_appropriation_income; income_total; other_income; undertaking_income,False,
南京大学,2017,budget,69.325938,budget_total,69.325938,69.325938,69.325938,46.57752,52.998486,,24.37972,,,18.5088,3.559,,22.748418,16.327452,,,,,,,,,official_pdf,https://xxgk.nju.edu.cn/_upload/article/files/41/e9/71fb712b4f9db6b9a0e53a6e7a11/bd5da699-a6a8-4ac4-8606-73830fdc340b.pdf,/Users/adam/projects/statistics/budget_uni/data/raw/official/pdfs/nju_2017_budget_f4594fcd.pdf,budget_total; carryover_from_previous_year; carryover_to_next_year; current_year_expense_total; current_year_income_total; expense_total; general_public_budget_appropriation_income; income_total; other_income; undertaking_income,False,
南京大学,2018,budget,81.262924,budget_total,81.262924,,,52.198997,54.865424,,23.923497,,,18.5315,9.606,,26.12,26.3975,,,,,,,,,official_pdf,https://xxgk.nju.edu.cn/_upload/article/files/ea/9a/41c699ab4edbaf9896e0e7a940bc/70c7ff92-766c-401d-ac09-574320d06ef0.pdf,/Users/adam/projects/statistics/budget_uni/data/raw/official/pdfs/nju_2018_budget_acb088e5.pdf,budget_total; carryover_from_previous_year; carryover_to_next_year; current_year_expense_total; current_year_income_total; general_public_budget_appropriation_income; other_income; undertaking_income,False,
南京大学,2019,budget,77.533977,income_total,,77.533977,77.533977,52.403977,50.924477,,25.946677,,,17.6468,8.6855,,25.13,26.6095,,,,,,,,,official_pdf,https://xxgk.nju.edu.cn/_upload/article/files/19/f8/ef9c9929432782d23b0b169bb67a/d1b3750e-3230-4af7-8239-f25968053400.pdf,/Users/adam/projects/statistics/budget_uni/data/raw/official/pdfs/nju_2019_budget_fdca62aa.pdf,carryover_from_previous_year; carryover_to_next_year; current_year_expense_total; current_year_income_total; expense_total; general_public_budget_appropriation_income; income_total; other_income; undertaking_income,False,
南京大学,2020,budget,79.293906,budget_total,79.293906,79.293906,79.293906,54.596385,52.356356,,21.404433,,,21.973,11.073952,,24.697521,26.93755,,,,,,,,,official_pdf,https://xxgk.nju.edu.cn/_upload/article/files/6f/87/a89ccc4a43299aac42bbebdd2437/4f198289-e1e0-4766-9486-09351efcf19e.pdf,/Users/adam/projects/statistics/budget_uni/data/raw/official/pdfs/nju_2020_budget_156d7a45.pdf,budget_total; carryover_from_previous_year; carryover_to_next_year; current_year_expense_total; current_year_income_total; expense_total; general_public_budget_appropriation_income; income_total; other_income; undertaking_income,False,
南京大学,2021,budget,86.393547,income_total,,86.393547,86.393547,49.620502,54.158577,,21.208042,,,21.732071,6.585389,6.816929,29.956116,32.23497,,49.434222,0.901295,,,3.68641,,,official_pdf,https://xxgk.nju.edu.cn/_upload/article/files/59/7c/3f3862324434bbe2fcb362ae99b8/0949ecf5-59ed-4519-8edc-401e3335f0e5.pdf,/Users/adam/projects/statistics/budget_uni/data/raw/official/pdfs/nju_2021_budget_8c72dc74.pdf,carryover_from_previous_year; carryover_to_next_year; current_year_expense_total; current_year_income_total; education_expense; expense_total; general_public_budget_appropriation_income; housing_security_expense; income_total; non_fiscal_surplus_used; other_income; science_technology_expense; undertaking_income,False,
南京大学,2022,budget,93.471152,income_total,,93.471152,93.471152,60.772071,62.34676,,23.471647,0.0077,,22.562156,14.585568,3.275954,29.423127,31.124392,,,,,,,,,official_pdf,https://xxgk.nju.edu.cn/_upload/article/files/0e/a3/ab9ea7554f42879a98183dcd7298/86f9ecab-cc23-4862-8619-5a092e2ff178.pdf,/Users/adam/projects/statistics/budget_uni/data/raw/official/pdfs/nju_2022_budget_3702e586.pdf,carryover_from_previous_year; carryover_to_next_year; current_year_expense_total; current_year_income_total; expense_total; general_public_budget_appropriation_income; government_fund_budget_appropriation_income; income_total; non_fiscal_surplus_used; other_income; undertaking_income,False,
南京大学,2023,budget,97.491525,income_total,,97.491525,97.491525,63.107268,63.712646,,21.969329,0.01095,,26.62063,14.395609,0.605378,33.778879,33.778879,,,,,,,,,official_pdf,https://xxgk.nju.edu.cn/_upload/article/files/06/8d/b70f213b45768e691f44d535b55d/5c18cbed-892b-4277-af0b-2029e0f8ab00.pdf,/Users/adam/projects/statistics/budget_uni/data/raw/official/pdfs/nju_2023_budget_2934916e.pdf,carryover_from_previous_year; carryover_to_next_year; current_year_expense_total; current_year_income_total; expense_total; general_public_budget_appropriation_income; government_fund_budget_appropriation_income; income_total; non_fiscal_surplus_used; other_income; undertaking_income,False,
南京大学,2024,budget,121.408531,income_total,,121.408531,121.408531,71.734853,79.229137,,23.749811,0.01095,,33.204236,14.518536,10.805943,38.867735,42.179394,,,,,,,,,official_pdf,https://xxgk.nju.edu.cn/_upload/article/files/37/31/6cf0f99242a7a44762bf1df0263b/2bf712f7-b235-4fe7-b207-a889a25f721d.pdf,/Users/adam/projects/statistics/budget_uni/data/raw/official/pdfs/nju_2024_budget_65faa7c2.pdf,carryover_from_previous_year; carryover_to_next_year; current_year_expense_total; current_year_income_total; expense_total; general_public_budget_appropriation_income; government_fund_budget_appropriation_income; income_total; non_fiscal_surplus_used; other_income; undertaking_income,False,
南京大学,2025,budget,127.176838,income_total,,127.176838,127.176838,77.212677,80.218965,,25.18142,0.01095,,34.1195,17.664472,10.456416,39.507745,46.957873,,,,,,,,,official_pdf,https://xxgk.nju.edu.cn/_upload/article/files/4c/3f/ca61f075487091c62fdf0e78da55/82bb8630-3bfe-4155-bf82-df50ec4d1d3f.pdf,/Users/adam/projects/statistics/budget_uni/data/raw/official/pdfs/nju_2025_budget_2243f10e.pdf,carryover_from_previous_year; carryover_to_next_year; current_year_expense_total; current_year_income_total; expense_total; general_public_budget_appropriation_income; government_fund_budget_appropriation_income; income_total; non_fiscal_surplus_used; other_income; undertaking_income,False,
南京大学,2026,budget,146.671711,income_total,,146.671711,146.671711,91.341573,98.258563,,27.400293,6.1371,,35.4826,22.0354,13.537871,41.792267,48.413148,,92.856212,0.89685,1.868381,,2.63712,,,official_pdf,https://xxgk.nju.edu.cn/_upload/article/files/d6/60/572f8ef24e51b55d769b17dddfd0/34a190c7-8c95-4b04-b16d-63dbbca34123.pdf,/Users/adam/projects/statistics/budget_uni/data/raw/official/pdfs/nju_2026_budget.pdf,carryover_from_previous_year; carryover_to_next_year; current_year_expense_total; current_year_income_total; education_expense; expense_total; general_public_budget_appropriation_income; government_fund_budget_appropriation_income; housing_security_expense; income_total; non_fiscal_surplus_used; other_income; science_technology_expense; social_security_employment_expense; undertaking_income,False,
哈尔滨工业大学,2021,budget,108.030775,income_total,,108.030775,108.030775,66.95496,75.081312,24.63866,,,,27.051337,15.264963,,41.075815,32.949463,,43.238271,30.567844,,,1.242101,0.0322,,official_pdf,https://xxgk.hit.edu.cn/_upload/article/files/75/6b/6f0a8e324c069b9f9771fe9ef770/f1c03234-5ee2-4be9-a3c2-90b7a78d054d.pdf,/Users/adam/projects/statistics/budget_uni/data/raw/official/pdfs/hit_2021_budget_81f24da5.pdf,carryover_from_previous_year; carryover_to_next_year; current_year_expense_total; current_year_income_total; education_expense; expense_total; fiscal_appropriation_income; housing_security_expense; income_total; other_income; resource_exploration_industry_information_expense; science_technology_expense; undertaking_income,False,
哈尔滨工业大学,2022,budget,144.179197,income_total,,144.179197,144.179197,89.438883,99.252592,,31.332133,,,38.895,19.21175,3.9,50.840314,44.926605,,52.367381,43.000916,2.21,,1.65815,0.015249,,official_pdf,https://xxgk.hit.edu.cn/_upload/article/files/35/fb/9b682f9f4b7e9d67caf134db0f83/43aa6bf9-16f8-4832-bfba-bea229c62c4b.pdf,/Users/adam/projects/statistics/budget_uni/data/raw/official/pdfs/hit_2022_budget_9cab6a28.pdf,carryover_from_previous_year; carryover_to_next_year; current_year_expense_total; current_year_income_total; education_expense; expense_total; general_public_budget_appropriation_income; housing_security_expense; income_total; non_fiscal_surplus_used; other_income; resource_exploration_industry_information_expense; science_technology_expense; social_security_employment_expense; undertaking_income,False,
哈尔滨工业大学,2023,budget,167.504383,income_total,,167.504383,167.504383,101.466901,106.654098,,29.449969,,,50.609785,21.407147,1.901792,64.13569,60.850285,,55.545679,46.676422,2.62,,1.803928,0.008069,,official_pdf,https://xxgk.hit.edu.cn/_upload/article/files/14/8d/291804b941abb1218708cda3ddb9/b1bc749e-5f30-4371-9e54-4a71ea592028.pdf,/Users/adam/projects/statistics/budget_uni/data/raw/official/pdfs/hit_2023_budget_16b65347.pdf,carryover_from_previous_year; carryover_to_next_year; current_year_expense_total; current_year_income_total; education_expense; expense_total; general_public_budget_appropriation_income; housing_security_expense; income_total; non_fiscal_surplus_used; other_income; resource_exploration_industry_information_expense; science_technology_expense; social_security_employment_expense; undertaking_income,False,
哈尔滨工业大学,2024,budget,194.634487,income_total,,194.634487,194.634487,118.28014,121.950614,,29.880906,,,63.449006,24.950228,2.902413,73.451934,72.683873,,65.569259,52.135968,2.199422,,1.835896,0.210069,,official_pdf,https://xxgk.hit.edu.cn/_upload/article/files/38/17/5b2bfa74467188815c00caf7b156/ed79d374-3a83-4f1e-bfa3-b2c8279cc455.pdf,/Users/adam/projects/statistics/budget_uni/data/raw/official/pdfs/hit_2024_budget_f7b79cb2.pdf,carryover_from_previous_year; carryover_to_next_year; current_year_expense_total; current_year_income_total; education_expense; expense_total; general_public_budget_appropriation_income; housing_security_expense; income_total; non_fiscal_surplus_used; other_income; resource_exploration_industry_information_expense; science_technology_expense; social_security_employment_expense; undertaking_income,False,
哈尔滨工业大学,2025,budget,226.086683,income_total,,226.086683,226.086683,139.739755,141.293718,,34.128082,2.6663,,78.69065,24.254723,10.61,75.736928,84.792965,,72.269042,63.22469,3.172474,,2.121215,0.506297,,official_pdf,https://xxgk.hit.edu.cn/_upload/article/files/5f/2e/d3a97c8d450e8dc18270d8115978/db13aa73-cac0-4e99-a7e5-128d8ecde551.pdf,/Users/adam/projects/statistics/budget_uni/data/raw/official/pdfs/hit_2025_budget_c6e5f283.pdf,carryover_from_previous_year; carryover_to_next_year; current_year_expense_total; current_year_income_total; education_expense; expense_total; general_public_budget_appropriation_income; government_fund_budget_appropriation_income; housing_security_expense; income_total; non_fiscal_surplus_used; other_income; resource_exploration_industry_information_expense; science_technology_expense; social_security_employment_expense; undertaking_income,False,
哈尔滨工业大学,2026,budget,258.840616,income_total,,258.840616,258.840616,150.804571,162.566293,,36.568627,1.1417,,90.411137,22.683107,10.0,98.036045,96.274323,,72.331246,85.096833,2.929493,,2.16084,0.047881,,official_pdf,https://xxgk.hit.edu.cn/_upload/article/files/9f/33/d46dacee47dd97af889c0a8e650c/c7e73e36-0969-411e-a664-0b49cfbfb0e3.pdf,/Users/adam/projects/statistics/budget_uni/data/raw/official/pdfs/hit_2026_budget_73e7b867.pdf,carryover_from_previous_year; carryover_to_next_year; current_year_expense_total; current_year_income_total; education_expense; expense_total; general_public_budget_appropriation_income; government_fund_budget_appropriation_income; housing_security_expense; income_total; non_fiscal_surplus_used; other_income; resource_exploration_industry_information_expense; science_technology_expense; social_security_employment_expense; undertaking_income,False,
复旦大学,2013,budget,43.192003,income_total,,43.192003,43.192003,43.192003,43.192003,13.260703,,,,11.91,18.0213,,,,,,,,,0.3739,,,official_pdf,https://xxgk.fudan.edu.cn/_upload/article/d6/42/2ce93cc5487a88fb5774c1472a92/fae3b551-2f2f-4a86-bca4-0e32cb5797ca.pdf,/Users/adam/projects/statistics/budget_uni/data/raw/official/pdfs/fudan_2013_budget_0ba13214.pdf,current_year_expense_total; current_year_income_total; expense_total; fiscal_appropriation_income; housing_security_expense; income_total; other_income; undertaking_income,False,
复旦大学,2015,budget,65.074792,income_total,,65.074792,65.074792,49.772992,55.124792,,23.432992,,,21.19,5.15,,9.9785,9.95,,53.81478,0.5506,0.026212,,0.7332,,,official_pdf,https://xxgk.fudan.edu.cn/_upload/article/58/ab/5edd329d47d7a53242d1fd61ae35/e2764a7f-43b7-4e21-a57a-2967d52f145a.pdf,/Users/adam/projects/statistics/budget_uni/data/raw/official/pdfs/fudan_2015_budget_6b351eb2.pdf,carryover_from_previous_year; carryover_to_next_year; current_year_expense_total; current_year_income_total; education_expense; expense_total; general_public_budget_appropriation_income; housing_security_expense; income_total; other_income; science_technology_expense; social_security_employment_expense; undertaking_income,False,
复旦大学,2017,budget,100.408676,income_total,,100.408676,100.408676,71.276854,74.5966,,,,,28.692832,15.790871,,29.131822,25.812076,,71.941111,1.499115,0.029384,,1.12699,,,official_pdf,https://xxgk.fudan.edu.cn/_upload/article/files/65/9b/ff0c78ad4dcba63d1d717d579bac/a670dc40-566e-41ce-9da9-af2435a91964.pdf,/Users/adam/projects/statistics/budget_uni/data/raw/official/pdfs/fudan_2017_budget_37320ce2.pdf,carryover_from_previous_year; carryover_to_next_year; current_year_expense_total; current_year_income_total; education_expense; expense_total; housing_security_expense; income_total; other_income; science_technology_expense; social_security_employment_expense; undertaking_income,False,
复旦大学,2018,budget,108.900498,income_total,,108.900498,108.900498,77.674615,79.790001,,,,,32.978114,15.905418,,31.225883,29.110497,,76.851557,1.644646,0.029384,,1.264414,,,official_pdf,https://xxgk.fudan.edu.cn/_upload/article/files/fe/7a/ad2f82904a69ba0a7120a6d9f8d3/68916d53-f192-403f-a68f-601ee2a63a41.pdf,/Users/adam/projects/statistics/budget_uni/data/raw/official/pdfs/fudan_2018_budget_d4ef144c.pdf,carryover_from_previous_year; carryover_to_next_year; current_year_expense_total; current_year_income_total; education_expense; expense_total; housing_security_expense; income_total; other_income; science_technology_expense; social_security_employment_expense; undertaking_income,False,
复旦大学,2019,budget,125.091332,income_total,,125.091332,125.091332,89.51704,95.124563,,,,,39.0439,17.717,,35.574292,29.966769,,91.533918,2.249661,0.029384,,1.3116,,,official_pdf,https://cwc.fudan.edu.cn/_upload/article/files/5e/bd/78d9c5cf41258736530541dd0a92/d28527b4-0eb5-4e4e-b4f7-20f7bbf8777e.pdf; https://xxgk.fudan.edu.cn/_upload/article/files/79/5f/e55328054bf18b56fb11e383bb10/516c6fc1-ec0c-45e2-81ea-d1d1e0358fcd.pdf,/Users/adam/projects/statistics/budget_uni/data/raw/official/pdfs/fudan_2019_budget_1cfd5fc5.pdf; /Users/adam/projects/statistics/budget_uni/data/raw/official/pdfs/fudan_2019_budget_59a04c18.pdf,carryover_from_previous_year; carryover_to_next_year; current_year_expense_total; current_year_income_total; education_expense; expense_total; housing_security_expense; income_total; other_income; science_technology_expense; social_security_employment_expense; undertaking_income,False,
复旦大学,2020,budget,136.210057,income_total,,136.210057,136.210057,93.002414,92.512826,,,,,42.3151,22.593445,,43.207643,43.697231,,89.89994,0.873202,0.029384,,1.7103,,,official_pdf,https://cwc.fudan.edu.cn/_upload/article/files/3b/9b/8e3998b543a1b4483ae6370e2d8d/e634bf24-0f0d-4acb-864e-7757eb82a288.pdf; https://xxgk.fudan.edu.cn/_upload/article/files/9b/48/00a1d03a4ddea959d4f2fa589f06/6e74c6db-1127-4907-a698-bbc201ed45de.pdf,/Users/adam/projects/statistics/budget_uni/data/raw/official/pdfs/fudan_2020_budget_5ce34170.pdf; /Users/adam/projects/statistics/budget_uni/data/raw/official/pdfs/fudan_2020_budget_7f49b8b1.pdf,carryover_from_previous_year; carryover_to_next_year; current_year_expense_total; current_year_income_total; education_expense; expense_total; housing_security_expense; income_total; other_income; science_technology_expense; social_security_employment_expense; undertaking_income,False,
复旦大学,2021,budget,141.620249,income_total,,141.620249,141.620249,91.773631,92.184035,,26.785531,,,42.9881,22.0,3.0,46.846618,49.436214,,89.470842,1.033565,,,1.662028,,,official_pdf,https://cwc.fudan.edu.cn/_upload/article/files/07/85/9bb9baee4a00a408bd2cdd1ff7e9/40c09834-439c-46bf-8845-85fe5aa3ca58.pdf; https://xxgk.fudan.edu.cn/_upload/article/files/21/80/95b8841946f39da2e9003e11ff86/0835f18a-19b5-48e1-950e-273ea9c7ada4.pdf,/Users/adam/projects/statistics/budget_uni/data/raw/official/pdfs/fudan_2021_budget_5480e17b.pdf; /Users/adam/projects/statistics/budget_uni/data/raw/official/pdfs/fudan_2021_budget_6ca19c0f.pdf,carryover_from_previous_year; carryover_to_next_year; current_year_expense_total; current_year_income_total; education_expense; expense_total; general_public_budget_appropriation_income; housing_security_expense; income_total; non_fiscal_surplus_used; other_income; science_technology_expense; undertaking_income,False,
复旦大学,2022,budget,171.553314,income_total,,171.553314,171.553314,97.227667,125.912184,,27.403113,0.003713,,44.2522,25.568641,28.249363,46.076284,45.64113,,120.311714,0.822027,2.80023,,1.96,,,official_pdf,https://cwc.fudan.edu.cn/_upload/article/files/59/d8/7ee471d0409cb192d6a047239b03/694b5176-4cfa-487c-a384-e512c67a531f.pdf; https://xxgk.fudan.edu.cn/_upload/article/files/28/66/d53159554a7c9a849c10f0e0845e/fda62457-7084-4ea3-a38b-350505b6d467.pdf,/Users/adam/projects/statistics/budget_uni/data/raw/official/pdfs/fudan_2022_budget_5206476b.pdf; /Users/adam/projects/statistics/budget_uni/data/raw/official/pdfs/fudan_2022_budget_7b2a68d5.pdf,carryover_from_previous_year; carryover_to_next_year; current_year_expense_total; current_year_income_total; education_expense; expense_total; general_public_budget_appropriation_income; government_fund_budget_appropriation_income; housing_security_expense; income_total; non_fiscal_surplus_used; other_income; science_technology_expense; social_security_employment_expense; undertaking_income,False,
复旦大学,2023,budget,178.688309,income_total,,178.688309,178.688309,99.043683,129.606591,,27.443585,0.003713,,44.3367,27.259685,30.226094,49.418532,49.081718,,123.487361,0.739377,3.294162,,2.08,,,official_pdf,https://cwc.fudan.edu.cn/_upload/article/files/36/b7/45ebfca04c01a69fed26e2859a91/1b494b1f-ab23-4885-a7a6-4d4bf3e63508.pdf; https://xxgk.fudan.edu.cn/_upload/article/files/4f/4e/6555a82443ea97702183f3f6342e/75495301-0f19-42b2-b6ab-26457402917d.pdf,/Users/adam/projects/statistics/budget_uni/data/raw/official/pdfs/fudan_2023_budget_1c14d8b6.pdf; /Users/adam/projects/statistics/budget_uni/data/raw/official/pdfs/fudan_2023_budget_df786cfb.pdf,carryover_from_previous_year; carryover_to_next_year; current_year_expense_total; current_year_income_total; education_expense; expense_total; general_public_budget_appropriation_income; government_fund_budget_appropriation_income; housing_security_expense; income_total; non_fiscal_surplus_used; other_income; science_technology_expense; social_security_employment_expense; undertaking_income,False,
复旦大学,2024,budget,182.260527,income_total,,182.260527,182.260527,106.272233,130.796283,,29.118419,0.003713,,49.378,27.772101,24.409399,51.578895,51.464244,,124.869298,0.740846,3.161595,,2.020831,,,official_pdf,https://cwc.fudan.edu.cn/_upload/article/files/99/27/b715e7964c50af36ce64b89c149b/18ff2512-ef57-4070-bdaf-bf4b5b53d57d.pdf; https://xxgk.fudan.edu.cn/_upload/article/files/3c/3b/d93267674abba524cc1a665e8e83/aab58b0c-1a1a-4bcd-93ca-901e5688ae32.pdf,/Users/adam/projects/statistics/budget_uni/data/raw/official/pdfs/fudan_2024_budget_0edbd0c5.pdf; /Users/adam/projects/statistics/budget_uni/data/raw/official/pdfs/fudan_2024_budget_73866c1b.pdf,carryover_from_previous_year; carryover_to_next_year; current_year_expense_total; current_year_income_total; education_expense; expense_total; general_public_budget_appropriation_income; government_fund_budget_appropriation_income; housing_security_expense; income_total; non_fiscal_surplus_used; other_income; science_technology_expense; social_security_employment_expense; undertaking_income,False,
复旦大学,2025,budget,182.950699,income_total,,182.950699,182.950699,122.663568,129.56743,,31.002955,3.814813,,57.8458,30.0,9.6586,50.628531,53.383269,,123.518983,0.763623,3.242233,,2.038878,,,official_pdf,https://cwc.fudan.edu.cn/_upload/article/files/fa/f2/4115a83642648206caf2f2221534/6745e591-3ec6-4740-9fd1-491b3d6dd2d2.pdf; https://xxgk.fudan.edu.cn/_upload/article/files/6d/57/d0a5f28c406aa22fa0a84296294a/4a70e0cd-a3b9-48c9-abdf-0dd6d3fa8df4.pdf,/Users/adam/projects/statistics/budget_uni/data/raw/official/pdfs/fudan_2025_budget_93d9743d.pdf; /Users/adam/projects/statistics/budget_uni/data/raw/official/pdfs/fudan_2025_budget_d538c077.pdf,carryover_from_previous_year; carryover_to_next_year; current_year_expense_total; current_year_income_total; education_expense; expense_total; general_public_budget_appropriation_income; government_fund_budget_appropriation_income; housing_security_expense; income_total; non_fiscal_surplus_used; other_income; science_technology_expense; social_security_employment_expense; undertaking_income,False,
复旦大学,2026,budget,199.3865,expense_total,,,199.3865,144.790307,140.7374,,33.889794,0.689413,,65.3311,44.88,,54.596193,58.6491,,134.323215,0.810608,3.487879,,2.103685,,,official_pdf,https://xxgk.fudan.edu.cn/_upload/article/files/ca/ff/619ab2534cfb9d11a94a35b66010/0c8441eb-5494-4355-a274-9ed762ec5bec.pdf,/Users/adam/projects/statistics/budget_uni/data/raw/official/pdfs/fudan_2026_budget.pdf,carryover_from_previous_year; carryover_to_next_year; current_year_expense_total; current_year_income_total; education_expense; expense_total; general_public_budget_appropriation_income; government_fund_budget_appropriation_income; housing_security_expense; other_income; science_technology_expense; social_security_employment_expense; undertaking_income,False,
浙江大学,2014,budget,121.473694,income_total,,121.473694,121.473694,80.193694,76.193694,,,,,44.8,11.1099,,41.28,45.28,,,,,,1.393314,,,official_pdf,https://www.zju.edu.cn/_upload/article/files/8f/34/9c2ed3d049c7a3a8d52d3b5b9a79/aaf42e5f-e01b-4fc0-8f4a-382ce8256d48.pdf,/Users/adam/projects/statistics/budget_uni/data/raw/official/pdfs/zju_unknown_year_budget_dec59177.pdf,carryover_from_previous_year; carryover_to_next_year; current_year_expense_total; current_year_income_total; expense_total; housing_security_expense; income_total; other_income; undertaking_income,False,
浙江大学,2015,budget,131.149758,income_total,,131.149758,131.149758,84.571758,85.869758,,26.074958,,,45.9,12.5968,,46.578,45.28,,80.906648,3.604125,,,1.308985,,,official_pdf,https://www.zju.edu.cn/_upload/article/files/f0/93/874aac2b471bac009986cdbdf039/56373af7-9026-4b1f-ae58-9415517c0aae.pdf,/Users/adam/projects/statistics/budget_uni/data/raw/official/pdfs/zju_unknown_year_budget_e42f55a8.pdf,carryover_from_previous_year; carryover_to_next_year; current_year_expense_total; current_year_income_total; education_expense; expense_total; general_public_budget_appropriation_income; housing_security_expense; income_total; other_income; science_technology_expense; undertaking_income,False,
浙江大学,2016,budget,154.282735,income_total,,154.282735,154.282735,106.655479,85.361787,23.043779,,,,47.0183,36.5934,,47.627256,68.920948,,81.630924,2.415681,,,1.262572,,0.05,official_pdf,https://www.zju.edu.cn/_upload/article/files/83/0e/8fd40aaa497ea6697906b3172381/05fd8393-28c7-4ba7-bb77-d916b92e7b23.pdf,/Users/adam/projects/statistics/budget_uni/data/raw/official/pdfs/zju_unknown_year_budget_f9977ce9.pdf,carryover_from_previous_year; carryover_to_next_year; current_year_expense_total; current_year_income_total; education_expense; energy_conservation_environmental_protection_expense; expense_total; fiscal_appropriation_income; housing_security_expense; income_total; other_income; science_technology_expense; undertaking_income,False,
浙江大学,2017,budget,150.473723,income_total,,150.473723,150.473723,96.390382,108.050526,33.462311,,,,50.340425,12.587646,,54.083341,42.423197,,103.885515,2.17665,,,1.946961,,,official_pdf,https://www.zju.edu.cn/_upload/article/files/fc/fc/8b9d81f845b890e2ae98427bd09a/0da38bba-1c88-4fad-bd24-035a42ee906f.pdf,/Users/adam/projects/statistics/budget_uni/data/raw/official/pdfs/zju_unknown_year_budget_130ec9e3.pdf,carryover_from_previous_year; carryover_to_next_year; current_year_expense_total; current_year_income_total; education_expense; expense_total; fiscal_appropriation_income; housing_security_expense; income_total; other_income; science_technology_expense; undertaking_income,False,
浙江大学,2018,budget,154.645106,income_total,,154.645106,154.645106,111.350006,113.978283,,36.138306,,,61.6639,13.5478,,43.2951,40.666823,,109.321338,2.592952,,,2.0302,,,official_pdf,https://www.zju.edu.cn/_upload/article/files/9d/d3/a7789db44745ad7496554b5d0069/d000a256-2149-4254-9fbc-a2f12c49ac54.pdf,/Users/adam/projects/statistics/budget_uni/data/raw/official/pdfs/zju_unknown_year_budget_1afd098e.pdf,carryover_from_previous_year; carryover_to_next_year; current_year_expense_total; current_year_income_total; education_expense; expense_total; general_public_budget_appropriation_income; housing_security_expense; income_total; other_income; science_technology_expense; undertaking_income,False,
浙江大学,2019,budget,191.772564,income_total,,191.772564,191.772564,125.568152,127.977885,40.089397,,,,65.665678,19.813077,,66.204412,63.794679,,122.431752,3.237839,,,2.308294,,,official_pdf,https://www.zju.edu.cn/_upload/article/files/2c/a5/dbd749ea46469d9368f4f3e4199e/66a09cd5-cb8e-459d-8d55-90fa9a4a4978.pdf,/Users/adam/projects/statistics/budget_uni/data/raw/official/pdfs/zju_unknown_year_budget_7b898fc9.pdf,carryover_from_previous_year; carryover_to_next_year; current_year_expense_total; current_year_income_total; education_expense; expense_total; fiscal_appropriation_income; housing_security_expense; income_total; other_income; science_technology_expense; undertaking_income,False,
浙江大学,2020,budget,216.199399,budget_total,216.199399,,,131.274324,128.651249,,36.007499,,,69.384895,25.88193,,84.925075,87.54815,,,,,,,,,official_pdf,https://www.zju.edu.cn/_upload/article/files/12/84/3367825c44ca8e7dbd2858c35ff0/4da16152-6b39-4aae-b177-424db4f6513a.pdf,/Users/adam/projects/statistics/budget_uni/data/raw/official/pdfs/zju_2020_budget_51ed1a3e.pdf,budget_total; carryover_from_previous_year; carryover_to_next_year; current_year_expense_total; current_year_income_total; general_public_budget_appropriation_income; other_income; undertaking_income,False,
浙江大学,2021,budget,228.16228,budget_total,228.16228,,,138.304624,136.401289,,34.102539,,,75.966717,28.235368,,89.857656,91.760991,,,,,,,,,official_pdf,https://www.zju.edu.cn/_upload/article/files/4c/66/e8b09b6a4140a356d1865f66c894/73177f67-dc96-40d7-a465-c8bee577de48.pdf,/Users/adam/projects/statistics/budget_uni/data/raw/official/pdfs/zju_2021_budget_8fc4fb8b.pdf,budget_total; carryover_from_previous_year; carryover_to_next_year; current_year_expense_total; current_year_income_total; general_public_budget_appropriation_income; other_income; undertaking_income,False,
浙江大学,2022,budget,261.025438,budget_total,261.025438,,,160.131873,160.032462,,41.588705,,,91.5,27.043168,,100.893565,100.992976,,,,,,,,,official_pdf,https://www.zju.edu.cn/_upload/article/files/62/8a/f6904e544576bc6ceeee757280cd/f810ce9f-72d0-4b92-a410-5906ce1b2e69.pdf,/Users/adam/projects/statistics/budget_uni/data/raw/official/pdfs/zju_2022_budget_2696fab3.pdf,budget_total; carryover_from_previous_year; carryover_to_next_year; current_year_expense_total; current_year_income_total; general_public_budget_appropriation_income; other_income; undertaking_income,False,
浙江大学,2023,budget,309.012181,budget_total,309.012181,,,177.523675,189.796529,,37.042284,,,93.6336,46.847791,3.458,128.030506,119.215652,,,,,,,,,official_pdf,https://www.zju.edu.cn/_upload/article/files/7e/62/9bf083904c4e9819d7f276b7450d/d1ecd9de-aaaf-4a08-9dbe-57ccce291eeb.pdf,/Users/adam/projects/statistics/budget_uni/data/raw/official/pdfs/zju_2023_budget_3297dba6.pdf,budget_total; carryover_from_previous_year; carryover_to_next_year; current_year_expense_total; current_year_income_total; general_public_budget_appropriation_income; non_fiscal_surplus_used; other_income; undertaking_income,False,
浙江大学,2024,budget,328.808115,budget_total,328.808115,,,195.161838,207.218297,,,,,120.0,37.0,3.598,130.048277,121.589818,38.161838,,,,,,,,official_pdf,https://www.zju.edu.cn/_upload/article/files/02/09/6dc4f620493489da0ec575d99b95/0f62d1b8-d343-47b7-8d50-c1d77f60441a.pdf,/Users/adam/projects/statistics/budget_uni/data/raw/official/pdfs/zju_2024_budget_ec9f4c68.pdf,budget_total; carryover_from_previous_year; carryover_to_next_year; current_year_expense_total; current_year_fiscal_appropriation_expense; current_year_income_total; non_fiscal_surplus_used; other_income; undertaking_income,False,
浙江大学,2025,budget,352.306448,budget_total,352.306448,,,206.594148,223.861277,,41.588648,4.0055,,120.0,41.0,2.8,142.9123,128.445171,45.594148,,,,,,,,official_pdf,https://www.zju.edu.cn/_upload/article/files/7a/55/45f5ab13458eaa9940bdadc1415b/ecf58a04-982f-4206-887a-86a72797dbdf.pdf,/Users/adam/projects/statistics/budget_uni/data/raw/official/pdfs/zju_2025_budget_d85426ca.pdf,budget_total; carryover_from_previous_year; carryover_to_next_year; current_year_expense_total; current_year_fiscal_appropriation_expense; current_year_income_total; general_public_budget_appropriation_income; government_fund_budget_appropriation_income; non_fiscal_surplus_used; other_income; undertaking_income,False,
浙江大学,2026,budget,382.460182,budget_total,382.460182,,,225.611626,239.314646,,50.816426,4.2952,,122.0,48.5,2.8,154.048556,143.145536,55.111626,,,,,,,,official_pdf,https://www.zju.edu.cn/_upload/article/files/bd/c0/1f37978e4a209b531d74efd3812b/3df95d7c-0be5-42d0-a115-ebbcb7996c7a.pdf,/Users/adam/projects/statistics/budget_uni/data/raw/official/pdfs/zju_2026_budget.pdf,budget_total; carryover_from_previous_year; carryover_to_next_year; current_year_expense_total; current_year_fiscal_appropriation_expense; current_year_income_total; general_public_budget_appropriation_income; government_fund_budget_appropriation_income; non_fiscal_surplus_used; other_income; undertaking_income,False,
清华大学,2013,budget,113.772518,income_total,,113.772518,113.772518,113.772518,113.772518,,,,,32.5854,53.5924,,,,,,,,,,,,official_pdf,https://www.tsinghua.edu.cn/__local/A/16/38/FA960BFE565CB4001A760683A74_483ECB25_5E31D.pdf,/Users/adam/projects/statistics/budget_uni/data/raw/official/pdfs/tsinghua_2013_budget_2fa6ae16.pdf,current_year_expense_total; current_year_income_total; expense_total; income_total; other_income; undertaking_income,False,
清华大学,2014,budget,164.138104,income_total,,164.138104,164.138104,126.018104,147.076404,34.093804,,,,72.7111,19.2132,,38.12,17.0617,,129.311992,3.91149,0.112622,,2.3725,,,official_pdf,https://www.tsinghua.edu.cn/__local/C/75/6A/281650543C50EAC66ED854A4B06_F520E119_6E15D.pdf,/Users/adam/projects/statistics/budget_uni/data/raw/official/pdfs/tsinghua_2014_budget_ca8c822d.pdf,carryover_from_previous_year; carryover_to_next_year; current_year_expense_total; current_year_income_total; education_expense; expense_total; fiscal_appropriation_income; housing_security_expense; income_total; other_income; science_technology_expense; social_security_employment_expense; undertaking_income,False,
清华大学,2015,budget,174.947829,income_total,,174.947829,174.947829,139.418413,142.147829,,40.679713,,,77.0194,21.7193,,35.529416,32.8,,120.469582,5.727525,0.700922,,2.4168,,,official_pdf,https://www.tsinghua.edu.cn/__local/C/9E/BC/DCA69C287C67D000BDBDFD76B2C_4BCC29F5_3FE3D.pdf,/Users/adam/projects/statistics/budget_uni/data/raw/official/pdfs/tsinghua_2015_budget_1cf5a905.pdf,carryover_from_previous_year; carryover_to_next_year; current_year_expense_total; current_year_income_total; education_expense; expense_total; general_public_budget_appropriation_income; housing_security_expense; income_total; other_income; science_technology_expense; social_security_employment_expense; undertaking_income,False,
清华大学,2016,budget,182.171592,income_total,,182.171592,182.171592,139.029918,142.171592,,29.909018,,,80.2487,28.8722,,43.141674,40.0,,120.420792,5.13648,0.843622,,2.672598,,,official_pdf,https://www.tsinghua.edu.cn/__local/9/F3/A2/00AF04F2F32465DD473B3C47040_3C3537CB_41FA5.pdf,/Users/adam/projects/statistics/budget_uni/data/raw/official/pdfs/tsinghua_2016_budget_138cfa41.pdf,carryover_from_previous_year; carryover_to_next_year; current_year_expense_total; current_year_income_total; education_expense; expense_total; general_public_budget_appropriation_income; housing_security_expense; income_total; other_income; science_technology_expense; social_security_employment_expense; undertaking_income,False,
清华大学,2017,budget,233.347645,income_total,,233.347645,233.347645,170.677972,193.347645,,50.037282,,,87.815,32.82569,,62.669673,40.0,,168.97719,6.516862,0.947489,,2.95559,,0.009075,official_pdf,https://www.tsinghua.edu.cn/__local/8/8F/19/0576A4D72C17B710DB08C81BB08_A7B0DFDA_4285F.pdf,/Users/adam/projects/statistics/budget_uni/data/raw/official/pdfs/tsinghua_2017_budget_0deef9a0.pdf,carryover_from_previous_year; carryover_to_next_year; current_year_expense_total; current_year_income_total; education_expense; energy_conservation_environmental_protection_expense; expense_total; general_public_budget_appropriation_income; housing_security_expense; income_total; other_income; science_technology_expense; social_security_employment_expense; undertaking_income,False,
清华大学,2018,budget,269.452186,income_total,,269.452186,269.452186,196.737629,216.310265,,50.830597,0.8088,,103.704976,41.393256,,72.714557,53.141921,,192.097773,5.726284,1.05,,3.180863,,,official_pdf,https://www.tsinghua.edu.cn/__local/0/00/C1/9E980D46617EC25751411575C58_F3776480_46422.pdf,/Users/adam/projects/statistics/budget_uni/data/raw/official/pdfs/tsinghua_2018_budget_d906de12.pdf,carryover_from_previous_year; carryover_to_next_year; current_year_expense_total; current_year_income_total; education_expense; expense_total; general_public_budget_appropriation_income; government_fund_budget_appropriation_income; housing_security_expense; income_total; other_income; science_technology_expense; social_security_employment_expense; undertaking_income,False,
清华大学,2019,budget,297.208933,income_total,,297.208933,297.208933,218.941932,243.463161,,54.115549,0.3035,,116.112809,48.410074,,78.267001,53.745772,,212.324224,5.929137,3.803408,17.494267,3.771858,,,official_pdf,https://www.tsinghua.edu.cn/__local/0/21/F8/A53852D08550BC835A4C5AEF1EF_8580EA91_443BE.pdf,/Users/adam/projects/statistics/budget_uni/data/raw/official/pdfs/tsinghua_2019_budget_139dc813.pdf,carryover_from_previous_year; carryover_to_next_year; current_year_expense_total; current_year_income_total; education_expense; expense_total; general_public_budget_appropriation_income; government_fund_budget_appropriation_income; health_expense; housing_security_expense; income_total; other_income; science_technology_expense; social_security_employment_expense; undertaking_income,False,
清华大学,2020,budget,310.716472,income_total,,310.716472,310.716472,226.016819,230.020111,,,,,121.15808,58.686704,,84.699653,80.696361,,194.866446,7.66503,3.803408,19.612488,3.978236,0.092772,,official_pdf,https://www.tsinghua.edu.cn/__local/D/8C/A7/7757FD9321FD04AA3505E3EC647_12D89842_44094.pdf,/Users/adam/projects/statistics/budget_uni/data/raw/official/pdfs/tsinghua_2020_budget_c0aa431c.pdf,carryover_from_previous_year; carryover_to_next_year; current_year_expense_total; current_year_income_total; education_expense; expense_total; health_expense; housing_security_expense; income_total; other_income; resource_exploration_industry_information_expense; science_technology_expense; social_security_employment_expense; undertaking_income,False,
清华大学,2021,budget,317.283147,income_total,,317.283147,317.283147,228.811898,242.448131,,43.653759,0.8405,,126.495228,57.822411,,88.471249,74.835016,,209.848602,8.135347,3.379964,16.664073,4.295986,0.095759,,official_pdf,https://www.tsinghua.edu.cn/__local/F/52/59/54CD7918086E89150DA9A035F01_511179F0_81784.pdf,/Users/adam/projects/statistics/budget_uni/data/raw/official/pdfs/tsinghua_2021_budget_fa9887d0.pdf,carryover_from_previous_year; carryover_to_next_year; current_year_expense_total; current_year_income_total; education_expense; expense_total; general_public_budget_appropriation_income; government_fund_budget_appropriation_income; health_expense; housing_security_expense; income_total; other_income; resource_exploration_industry_information_expense; science_technology_expense; social_security_employment_expense; undertaking_income,False,
清华大学,2022,budget,362.112315,income_total,,362.112315,362.112315,255.752462,288.26768,,57.321395,0.63625,,137.198717,60.5961,0.05978,106.300073,73.844635,,250.192108,8.618137,6.558364,17.008657,4.761365,1.105979,,official_pdf,https://www.tsinghua.edu.cn/__local/4/F4/9A/3E64F0017D611E4121DE49315B8_7F0D6877_17AF15.pdf,/Users/adam/projects/statistics/budget_uni/data/raw/official/pdfs/tsinghua_2022_budget_75b77eef.pdf,carryover_from_previous_year; carryover_to_next_year; current_year_expense_total; current_year_income_total; education_expense; expense_total; general_public_budget_appropriation_income; government_fund_budget_appropriation_income; health_expense; housing_security_expense; income_total; non_fiscal_surplus_used; other_income; resource_exploration_industry_information_expense; science_technology_expense; social_security_employment_expense; undertaking_income,False,
清华大学,2023,budget,410.926656,income_total,,410.926656,410.926656,285.680893,329.180035,,47.074962,0.54665,,154.869599,83.189682,0.03678,125.208983,81.746621,,291.541265,7.752442,6.000536,18.126516,5.250488,0.482745,,official_pdf,https://www.tsinghua.edu.cn/__local/4/6D/2B/402AE299C2BAC1C7FA4AC942C83_6598C762_644C6.pdf,/Users/adam/projects/statistics/budget_uni/data/raw/official/pdfs/tsinghua_2023_budget_f53ab17d.pdf,carryover_from_previous_year; carryover_to_next_year; current_year_expense_total; current_year_income_total; education_expense; expense_total; general_public_budget_appropriation_income; government_fund_budget_appropriation_income; health_expense; housing_security_expense; income_total; non_fiscal_surplus_used; other_income; resource_exploration_industry_information_expense; science_technology_expense; social_security_employment_expense; undertaking_income,False,
清华大学,2024,budget,385.692317,income_total,,385.692317,385.692317,282.047694,313.897111,,49.756658,0.18625,,162.477732,69.627054,0.039654,103.604969,71.795206,,274.622405,7.432697,4.262475,20.750906,5.57323,1.236642,,official_pdf,https://www.tsinghua.edu.cn/__local/6/63/0F/1D7DC256140AE0C3998E77B5981_FFBE952D_98A7B.pdf,/Users/adam/projects/statistics/budget_uni/data/raw/official/pdfs/tsinghua_2024_budget_df7c7e35.pdf,carryover_from_previous_year; carryover_to_next_year; current_year_expense_total; current_year_income_total; education_expense; expense_total; general_public_budget_appropriation_income; government_fund_budget_appropriation_income; health_expense; housing_security_expense; income_total; non_fiscal_surplus_used; other_income; resource_exploration_industry_information_expense; science_technology_expense; social_security_employment_expense; undertaking_income,False,
清华大学,2025,budget,395.177127,income_total,,395.177127,395.177127,291.558966,321.540122,,51.54884,3.35321,,166.567405,70.089511,0.471548,103.146613,73.637005,,278.873493,7.590477,4.806375,23.578451,5.617086,1.059389,,official_pdf,https://www.tsinghua.edu.cn/__local/4/CE/D9/1D5CCA339C64A8CC1B89FDA33FA_7F6DD4F6_90319.pdf,/Users/adam/projects/statistics/budget_uni/data/raw/official/pdfs/tsinghua_2025_budget_f975919c.pdf,carryover_from_previous_year; carryover_to_next_year; current_year_expense_total; current_year_income_total; education_expense; expense_total; general_public_budget_appropriation_income; government_fund_budget_appropriation_income; health_expense; housing_security_expense; income_total; non_fiscal_surplus_used; other_income; resource_exploration_industry_information_expense; science_technology_expense; social_security_employment_expense; undertaking_income,False,
清华大学,2026,budget,403.927363,income_total,,403.927363,403.927363,297.593714,332.195391,,53.007561,6.1067,,166.613561,71.865892,0.033398,106.300251,71.731972,,290.343943,7.274568,4.812539,22.7425,5.689564,1.253731,,official_pdf,https://www.tsinghua.edu.cn/__local/B/DA/82/5C6F131EE6AB26E752548AD706D_9E6258EF_9DAAD.pdf,/Users/adam/projects/statistics/budget_uni/data/raw/official/pdfs/tsinghua_2026_budget.pdf,carryover_from_previous_year; carryover_to_next_year; current_year_expense_total; current_year_income_total; education_expense; expense_total; general_public_budget_appropriation_income; government_fund_budget_appropriation_income; health_expense; housing_security_expense; income_total; non_fiscal_surplus_used; other_income; resource_exploration_industry_information_expense; science_technology_expense; social_security_employment_expense; undertaking_income,False,
西安交通大学,2014,budget,53.491293,income_total,,53.491293,53.491293,41.132253,41.564993,,,,,21.0,4.2846,,12.35904,11.9263,,,,,,0.6506,,,official_pdf,local://xjtu/2014预算.pdf,/Users/adam/projects/statistics/budget_uni/data/raw/official/pdfs/xjtu/2014预算.pdf,carryover_from_previous_year; carryover_to_next_year; current_year_expense_total; current_year_income_total; expense_total; housing_security_expense; income_total; other_income; undertaking_income,False,
西安交通大学,2015,budget,63.775269,income_total,,63.775269,63.775269,48.349475,50.407903,,19.890175,,,21.209,7.2503,,15.425794,13.367366,,47.070827,2.77791,0.008066,,0.5511,,,official_pdf,local://xjtu/2015预算.pdf,/Users/adam/projects/statistics/budget_uni/data/raw/official/pdfs/xjtu/2015预算.pdf,carryover_from_previous_year; carryover_to_next_year; current_year_expense_total; current_year_income_total; education_expense; expense_total; general_public_budget_appropriation_income; housing_security_expense; income_total; other_income; science_technology_expense; social_security_employment_expense; undertaking_income,False,
西安交通大学,2016,budget,56.372289,income_total,,56.372289,56.372289,40.633868,40.883157,,16.272868,,,20.114,4.247,,15.738421,15.489132,,38.483349,1.321116,0.008066,,1.070626,,,official_pdf,local://xjtu/2016预算.pdf,/Users/adam/projects/statistics/budget_uni/data/raw/official/pdfs/xjtu/2016预算.pdf,carryover_from_previous_year; carryover_to_next_year; current_year_expense_total; current_year_income_total; education_expense; expense_total; general_public_budget_appropriation_income; housing_security_expense; income_total; other_income; science_technology_expense; social_security_employment_expense; undertaking_income,False,
西安交通大学,2017,budget,70.439619,income_total,,70.439619,70.439619,52.947198,53.282241,,23.342998,,,24.6,5.0042,,17.492421,17.157378,,51.429159,1.06373,0.008626,,0.780726,,,official_pdf,local://xjtu/2017预算.pdf,/Users/adam/projects/statistics/budget_uni/data/raw/official/pdfs/xjtu/2017预算.pdf,carryover_from_previous_year; carryover_to_next_year; current_year_expense_total; current_year_income_total; education_expense; expense_total; general_public_budget_appropriation_income; housing_security_expense; income_total; other_income; science_technology_expense; social_security_employment_expense; undertaking_income,False,
西安交通大学,2018,budget,80.394564,income_total,,80.394564,80.394564,58.259635,58.54187,,25.395435,,,27.76,5.1042,,22.134929,21.852694,,56.86533,0.853888,0.008626,,0.814026,,,official_pdf,local://xjtu/2018预算.pdf,/Users/adam/projects/statistics/budget_uni/data/raw/official/pdfs/xjtu/2018预算.pdf,carryover_from_previous_year; carryover_to_next_year; current_year_expense_total; current_year_income_total; education_expense; expense_total; general_public_budget_appropriation_income; housing_security_expense; income_total; other_income; science_technology_expense; social_security_employment_expense; undertaking_income,False,
西安交通大学,2019,budget,88.170784,income_total,,88.170784,88.170784,61.757001,62.13626,27.243711,,,,31.0,3.51329,,26.413783,26.034524,,59.446539,0.94166,0.008626,,1.584093,,,official_pdf,local://xjtu/2019预算.pdf,/Users/adam/projects/statistics/budget_uni/data/raw/official/pdfs/xjtu/2019预算.pdf,carryover_from_previous_year; carryover_to_next_year; current_year_expense_total; current_year_income_total; education_expense; expense_total; fiscal_appropriation_income; housing_security_expense; income_total; other_income; science_technology_expense; social_security_employment_expense; undertaking_income,False,
西安交通大学,2020,budget,101.162665,income_total,,101.162665,101.162665,66.772402,67.333831,,,,,36.0,4.18,,34.390263,33.828834,,62.846732,2.65597,0.008626,,1.684093,,,official_pdf,local://xjtu/2020预算.pdf,/Users/adam/projects/statistics/budget_uni/data/raw/official/pdfs/xjtu/2020预算.pdf,carryover_from_previous_year; carryover_to_next_year; current_year_expense_total; current_year_income_total; education_expense; expense_total; housing_security_expense; income_total; other_income; science_technology_expense; social_security_employment_expense; undertaking_income,False,
西安交通大学,2022,budget,133.719752,income_total,,133.719752,133.719752,84.869099,85.582863,,30.790124,0.018975,,45.56,8.5,,48.850653,48.136889,,79.35029,2.529123,1.77201,,1.908752,,,official_pdf,local://xjtu/2022预算.pdf,/Users/adam/projects/statistics/budget_uni/data/raw/official/pdfs/xjtu/2022预算.pdf,carryover_from_previous_year; carryover_to_next_year; current_year_expense_total; current_year_income_total; education_expense; expense_total; general_public_budget_appropriation_income; government_fund_budget_appropriation_income; housing_security_expense; income_total; other_income; science_technology_expense; social_security_employment_expense; undertaking_income,False,
西安交通大学,2023,budget,146.288696,income_total,,146.288696,146.288696,87.176811,94.919673,,29.410768,0.018375,,44.0,13.747668,5.37,53.741885,51.369023,,87.45814,2.110825,3.133825,,2.198282,,,official_pdf,local://xjtu/2023预算.pdf,/Users/adam/projects/statistics/budget_uni/data/raw/official/pdfs/xjtu/2023预算.pdf,carryover_from_previous_year; carryover_to_next_year; current_year_expense_total; current_year_income_total; education_expense; expense_total; general_public_budget_appropriation_income; government_fund_budget_appropriation_income; housing_security_expense; income_total; non_fiscal_surplus_used; other_income; science_technology_expense; social_security_employment_expense; undertaking_income,False,
西安交通大学,2024,budget,160.983609,income_total,,160.983609,160.983609,95.226944,98.062472,,31.208569,0.018375,,53.0,11.0,7.0,58.756665,62.921137,,90.140655,2.370115,3.196572,,2.336755,,,official_pdf,local://xjtu/2024预算.pdf,/Users/adam/projects/statistics/budget_uni/data/raw/official/pdfs/xjtu/2024预算.pdf,carryover_from_previous_year; carryover_to_next_year; current_year_expense_total; current_year_income_total; education_expense; expense_total; general_public_budget_appropriation_income; government_fund_budget_appropriation_income; housing_security_expense; income_total; non_fiscal_surplus_used; other_income; science_technology_expense; social_security_employment_expense; undertaking_income,False,
西安交通大学,2025,budget,172.986438,income_total,,172.986438,172.986438,107.246342,112.797808,,33.581617,1.164725,,59.0,13.5,2.6,63.140096,60.18863,,104.188619,2.437641,3.6968,,2.460023,,,official_pdf,local://xjtu/2025预算.pdf,/Users/adam/projects/statistics/budget_uni/data/raw/official/pdfs/xjtu/2025预算.pdf,carryover_from_previous_year; carryover_to_next_year; current_year_expense_total; current_year_income_total; education_expense; expense_total; general_public_budget_appropriation_income; government_fund_budget_appropriation_income; housing_security_expense; income_total; non_fiscal_surplus_used; other_income; science_technology_expense; social_security_employment_expense; undertaking_income,False,
西安交通大学,2026,budget,185.557951,income_total,,185.557951,185.557951,113.319911,116.394578,,37.18776,0.007425,,64.0,12.124726,,72.23804,69.163373,,105.639859,3.804553,4.036546,,2.906191,,,official_pdf,local://xjtu/2026预算.pdf,/Users/adam/projects/statistics/budget_uni/data/raw/official/pdfs/xjtu/2026预算.pdf,carryover_from_previous_year; carryover_to_next_year; current_year_expense_total; current_year_income_total; education_expense; expense_total; general_public_budget_appropriation_income; government_fund_budget_appropriation_income; housing_security_expense; income_total; other_income; science_technology_expense; social_security_employment_expense; undertaking_income,False,
