year,rank,university,annual_budget_yi_yuan,current_year_income_yi_yuan,income_total_yi_yuan,annual_income_total_yi_yuan,annual_expenditure_total_yi_yuan,prior_year_budget_yi_yuan,change_yi_yuan,change_ratio,fiscal_appropriation_income_yi_yuan,fiscal_appropriation_ratio,department,province,source_image,source_url,extraction_method,verified,notes
2016,1,清华大学,182.17,,,139.03,142.17,,,,,,,,2016.jpg,,manual_from_source_image,False,2016原表含年度预算数、年度收入合计、年度支出合计; 主表budget_yi_yuan取年度预算数
2016,2,浙江大学,154.28,,,106.66,85.36,,,,,,,,2016.jpg,,manual_from_source_image,False,2016原表含年度预算数、年度收入合计、年度支出合计; 主表budget_yi_yuan取年度预算数
2016,3,北京大学,153.11,,,118.86,120.25,,,,,,,,2016.jpg,,manual_from_source_image,False,2016原表含年度预算数、年度收入合计、年度支出合计; 主表budget_yi_yuan取年度预算数
2016,4,上海交通大学,118.03,,,90.25,91.03,,,,,,,,2016.jpg,,manual_from_source_image,False,2016原表含年度预算数、年度收入合计、年度支出合计; 主表budget_yi_yuan取年度预算数
2016,5,复旦大学,78.80,,,46.82,50.55,,,,,,,,2016.jpg,,manual_from_source_image,False,2016原表含年度预算数、年度收入合计、年度支出合计; 主表budget_yi_yuan取年度预算数
2016,6,武汉大学,78.23,,,51.16,59.68,,,,,,,,2016.jpg,,manual_from_source_image,False,2016原表含年度预算数、年度收入合计、年度支出合计; 主表budget_yi_yuan取年度预算数
2016,7,山东大学,77.28,,,62.45,63.62,,,,,,,,2016.jpg,,manual_from_source_image,False,2016原表含年度预算数、年度收入合计、年度支出合计; 主表budget_yi_yuan取年度预算数
2016,8,中山大学,73.96,,,73.96,73.96,,,,,,,,2016.jpg,,manual_from_source_image,False,2016原表含年度预算数、年度收入合计、年度支出合计; 主表budget_yi_yuan取年度预算数
2016,9,华中科技大学,70.47,,,50.84,54.43,,,,,,,,2016.jpg,,manual_from_source_image,False,2016原表含年度预算数、年度收入合计、年度支出合计; 主表budget_yi_yuan取年度预算数
2016,10,天津大学,70.31,,,54.07,59.86,,,,,,,,2016.jpg,,manual_from_source_image,False,2016原表含年度预算数、年度收入合计、年度支出合计; 主表budget_yi_yuan取年度预算数
2016,11,四川大学,63.25,,,45.65,48.25,,,,,,,,2016.jpg,,manual_from_source_image,False,2016原表含年度预算数、年度收入合计、年度支出合计; 主表budget_yi_yuan取年度预算数
2016,12,同济大学,60.07,,,40.85,44.00,,,,,,,,2016.jpg,,manual_from_source_image,False,2016原表含年度预算数、年度收入合计、年度支出合计; 主表budget_yi_yuan取年度预算数
2016,13,南京大学,57.02,,,32.18,38.24,,,,,,,,2016.jpg,,manual_from_source_image,False,2016原表含年度预算数、年度收入合计、年度支出合计; 主表budget_yi_yuan取年度预算数
2016,14,西安交通大学,56.37,,,40.63,40.88,,,,,,,,2016.jpg,,manual_from_source_image,False,2016原表含年度预算数、年度收入合计、年度支出合计; 主表budget_yi_yuan取年度预算数
2016,15,厦门大学,55.79,,,45.67,48.29,,,,,,,,2016.jpg,,manual_from_source_image,False,2016原表含年度预算数、年度收入合计、年度支出合计; 主表budget_yi_yuan取年度预算数
2016,16,北京师范大学,53.67,,,35.72,53.67,,,,,,,,2016.jpg,,manual_from_source_image,False,2016原表含年度预算数、年度收入合计、年度支出合计; 主表budget_yi_yuan取年度预算数
2016,17,吉林大学,52.19,,,50.62,52.19,,,,,,,,2016.jpg,,manual_from_source_image,False,2016原表含年度预算数、年度收入合计、年度支出合计; 主表budget_yi_yuan取年度预算数
2016,18,南开大学,51.81,,,45.72,45.81,,,,,,,,2016.jpg,,manual_from_source_image,False,2016原表含年度预算数、年度收入合计、年度支出合计; 主表budget_yi_yuan取年度预算数
2016,19,华南理工大学,51.79,,,37.00,37.29,,,,,,,,2016.jpg,,manual_from_source_image,False,2016原表含年度预算数、年度收入合计、年度支出合计; 主表budget_yi_yuan取年度预算数
2016,20,东南大学,51.20,,,32.82,33.20,,,,,,,,2016.jpg,,manual_from_source_image,False,2016原表含年度预算数、年度收入合计、年度支出合计; 主表budget_yi_yuan取年度预算数
2016,21,中南大学,50.12,,,38.89,40.12,,,,,,,,2016.jpg,,manual_from_source_image,False,2016原表含年度预算数、年度收入合计、年度支出合计; 主表budget_yi_yuan取年度预算数
2016,22,大连理工大学,45.02,,,30.29,32.76,,,,,,,,2016.jpg,,manual_from_source_image,False,2016原表含年度预算数、年度收入合计、年度支出合计; 主表budget_yi_yuan取年度预算数
2016,23,中国人民大学,43.55,,,33.78,37.84,,,,,,,,2016.jpg,,manual_from_source_image,False,2016原表含年度预算数、年度收入合计、年度支出合计; 主表budget_yi_yuan取年度预算数
2016,24,华东师范大学,42.35,,,33.08,34.02,,,,,,,,2016.jpg,,manual_from_source_image,False,2016原表含年度预算数、年度收入合计、年度支出合计; 主表budget_yi_yuan取年度预算数
2016,25,武汉理工大学,41.51,,,31.60,31.61,,,,,,,,2016.jpg,,manual_from_source_image,False,2016原表含年度预算数、年度收入合计、年度支出合计; 主表budget_yi_yuan取年度预算数
2016,26,东北大学,40.54,,,29.52,30.03,,,,,,,,2016.jpg,,manual_from_source_image,False,2016原表含年度预算数、年度收入合计、年度支出合计; 主表budget_yi_yuan取年度预算数
2016,27,重庆大学,39.60,,,36.10,36.10,,,,,,,,2016.jpg,,manual_from_source_image,False,2016原表含年度预算数、年度收入合计、年度支出合计; 主表budget_yi_yuan取年度预算数
2016,28,电子科技大学,37.71,,,25.71,26.21,,,,,,,,2016.jpg,,manual_from_source_image,False,2016原表含年度预算数、年度收入合计、年度支出合计; 主表budget_yi_yuan取年度预算数
2016,29,北京交通大学,37.07,,,23.53,28.64,,,,,,,,2016.jpg,,manual_from_source_image,False,2016原表含年度预算数、年度收入合计、年度支出合计; 主表budget_yi_yuan取年度预算数
2016,30,中国地质大学（武汉）,34.62,,,27.24,28.92,,,,,,,,2016.jpg,,manual_from_source_image,False,2016原表含年度预算数、年度收入合计、年度支出合计; 主表budget_yi_yuan取年度预算数
2016,31,中国矿业大学,33.46,,,19.39,25.24,,,,,,,,2016.jpg,,manual_from_source_image,False,2016原表含年度预算数、年度收入合计、年度支出合计; 主表budget_yi_yuan取年度预算数
2016,32,中国石油大学（华东）,33.11,,,21.38,21.51,,,,,,,,2016.jpg,,manual_from_source_image,False,2016原表含年度预算数、年度收入合计、年度支出合计; 主表budget_yi_yuan取年度预算数
2016,33,北京科技大学,33.00,,,21.76,23.30,,,,,,,,2016.jpg,,manual_from_source_image,False,2016原表含年度预算数、年度收入合计、年度支出合计; 主表budget_yi_yuan取年度预算数
2016,34,中国石油大学（北京）,32.67,,,14.91,16.45,,,,,,,,2016.jpg,,manual_from_source_image,False,2016原表含年度预算数、年度收入合计、年度支出合计; 主表budget_yi_yuan取年度预算数
2016,35,兰州大学,32.43,,,25.98,26.03,,,,,,,,2016.jpg,,manual_from_source_image,False,2016原表含年度预算数、年度收入合计、年度支出合计; 主表budget_yi_yuan取年度预算数
2016,36,西南大学,32.39,,,31.60,32.39,,,,,,,,2016.jpg,,manual_from_source_image,False,2016原表含年度预算数、年度收入合计、年度支出合计; 主表budget_yi_yuan取年度预算数
2016,37,湖南大学,32.03,,,23.55,25.03,,,,,,,,2016.jpg,,manual_from_source_image,False,2016原表含年度预算数、年度收入合计、年度支出合计; 主表budget_yi_yuan取年度预算数
2016,38,西南交通大学,30.64,,,28.82,30.64,,,,,,,,2016.jpg,,manual_from_source_image,False,2016原表含年度预算数、年度收入合计、年度支出合计; 主表budget_yi_yuan取年度预算数
2016,39,北京化工大学,30.07,,,23.49,24.02,,,,,,,,2016.jpg,,manual_from_source_image,False,2016原表含年度预算数、年度收入合计、年度支出合计; 主表budget_yi_yuan取年度预算数
2016,40,西北农林科技大学,29.73,,,23.36,24.57,,,,,,,,2016.jpg,,manual_from_source_image,False,2016原表含年度预算数、年度收入合计、年度支出合计; 主表budget_yi_yuan取年度预算数
2016,41,河海大学,28.88,,,19.99,21.08,,,,,,,,2016.jpg,,manual_from_source_image,False,2016原表含年度预算数、年度收入合计、年度支出合计; 主表budget_yi_yuan取年度预算数
2016,42,西安电子科技大学,28.28,,,20.86,20.72,,,,,,,,2016.jpg,,manual_from_source_image,False,2016原表含年度预算数、年度收入合计、年度支出合计; 主表budget_yi_yuan取年度预算数
2016,43,南京农业大学,27.46,,,19.00,22.97,,,,,,,,2016.jpg,,manual_from_source_image,False,2016原表含年度预算数、年度收入合计、年度支出合计; 主表budget_yi_yuan取年度预算数
2016,44,华中农业大学,27.05,,,18.81,21.60,,,,,,,,2016.jpg,,manual_from_source_image,False,2016原表含年度预算数、年度收入合计、年度支出合计; 主表budget_yi_yuan取年度预算数
2016,45,华北电力大学,27.00,,,19.67,19.49,,,,,,,,2016.jpg,,manual_from_source_image,False,2016原表含年度预算数、年度收入合计、年度支出合计; 主表budget_yi_yuan取年度预算数
2016,46,合肥工业大学,26.63,,,19.52,20.60,,,,,,,,2016.jpg,,manual_from_source_image,False,2016原表含年度预算数、年度收入合计、年度支出合计; 主表budget_yi_yuan取年度预算数
2016,47,长安大学,26.53,,,19.61,19.61,,,,,,,,2016.jpg,,manual_from_source_image,False,2016原表含年度预算数、年度收入合计、年度支出合计; 主表budget_yi_yuan取年度预算数
2016,48,中国海洋大学,24.74,,,19.45,24.74,,,,,,,,2016.jpg,,manual_from_source_image,False,2016原表含年度预算数、年度收入合计、年度支出合计; 主表budget_yi_yuan取年度预算数
2016,49,华中师范大学,24.45,,,20.00,23.95,,,,,,,,2016.jpg,,manual_from_source_image,False,2016原表含年度预算数、年度收入合计、年度支出合计; 主表budget_yi_yuan取年度预算数
2016,50,江南大学,23.22,,,18.27,20.72,,,,,,,,2016.jpg,,manual_from_source_image,False,2016原表含年度预算数、年度收入合计、年度支出合计; 主表budget_yi_yuan取年度预算数
2016,51,北京邮电大学,22.55,,,19.75,22.55,,,,,,,,2016.jpg,,manual_from_source_image,False,2016原表含年度预算数、年度收入合计、年度支出合计; 主表budget_yi_yuan取年度预算数
2016,52,东北师范大学,22.36,,,19.39,19.62,,,,,,,,2016.jpg,,manual_from_source_image,False,2016原表含年度预算数、年度收入合计、年度支出合计; 主表budget_yi_yuan取年度预算数
2016,53,中国地质大学（北京）,20.85,,,11.88,13.45,,,,,,,,2016.jpg,,manual_from_source_image,False,2016原表含年度预算数、年度收入合计、年度支出合计; 主表budget_yi_yuan取年度预算数
2016,54,中南财经政法大学,20.16,,,13.79,19.46,,,,,,,,2016.jpg,,manual_from_source_image,False,2016原表含年度预算数、年度收入合计、年度支出合计; 主表budget_yi_yuan取年度预算数
2016,55,东华大学,19.58,,,15.90,15.90,,,,,,,,2016.jpg,,manual_from_source_image,False,2016原表含年度预算数、年度收入合计、年度支出合计; 主表budget_yi_yuan取年度预算数
2016,56,陕西师范大学,17.41,,,16.13,16.17,,,,,,,,2016.jpg,,manual_from_source_image,False,2016原表含年度预算数、年度收入合计、年度支出合计; 主表budget_yi_yuan取年度预算数
2016,57,对外经济贸易大学,16.07,,,11.91,15.47,,,,,,,,2016.jpg,,manual_from_source_image,False,2016原表含年度预算数、年度收入合计、年度支出合计; 主表budget_yi_yuan取年度预算数
2016,58,北京林业大学,15.67,,,15.57,14.87,,,,,,,,2016.jpg,,manual_from_source_image,False,2016原表含年度预算数、年度收入合计、年度支出合计; 主表budget_yi_yuan取年度预算数
2016,59,东北林业大学,14.84,,,12.83,12.88,,,,,,,,2016.jpg,,manual_from_source_image,False,2016原表含年度预算数、年度收入合计、年度支出合计; 主表budget_yi_yuan取年度预算数
2016,60,北京中医药大学,14.52,,,8.57,11.96,,,,,,,,2016.jpg,,manual_from_source_image,False,2016原表含年度预算数、年度收入合计、年度支出合计; 主表budget_yi_yuan取年度预算数
2016,61,中国药科大学,14.12,,,11.02,11.02,,,,,,,,2016.jpg,,manual_from_source_image,False,2016原表含年度预算数、年度收入合计、年度支出合计; 主表budget_yi_yuan取年度预算数
2016,62,上海财经大学,13.16,,,11.38,12.28,,,,,,,,2016.jpg,,manual_from_source_image,False,2016原表含年度预算数、年度收入合计、年度支出合计; 主表budget_yi_yuan取年度预算数
2016,63,中国矿业大学（北京）,12.31,,,7.36,7.76,,,,,,,,2016.jpg,,manual_from_source_image,False,2016原表含年度预算数、年度收入合计、年度支出合计; 主表budget_yi_yuan取年度预算数
2016,64,中国传媒大学,11.92,,,11.08,11.03,,,,,,,,2016.jpg,,manual_from_source_image,False,2016原表含年度预算数、年度收入合计、年度支出合计; 主表budget_yi_yuan取年度预算数
2016,65,中央财经大学,11.36,,,10.56,10.60,,,,,,,,2016.jpg,,manual_from_source_image,False,2016原表含年度预算数、年度收入合计、年度支出合计; 主表budget_yi_yuan取年度预算数
2016,66,北京外国语大学,10.18,,,9.95,10.01,,,,,,,,2016.jpg,,manual_from_source_image,False,2016原表含年度预算数、年度收入合计、年度支出合计; 主表budget_yi_yuan取年度预算数
2016,67,北京语言大学,10.15,,,7.60,9.83,,,,,,,,2016.jpg,,manual_from_source_image,False,2016原表含年度预算数、年度收入合计、年度支出合计; 主表budget_yi_yuan取年度预算数
2016,68,中国政法大学,9.91,,,9.77,9.91,,,,,,,,2016.jpg,,manual_from_source_image,False,2016原表含年度预算数、年度收入合计、年度支出合计; 主表budget_yi_yuan取年度预算数
2016,69,上海外国语大学,9.02,,,8.74,8.86,,,,,,,,2016.jpg,,manual_from_source_image,False,2016原表含年度预算数、年度收入合计、年度支出合计; 主表budget_yi_yuan取年度预算数
2016,70,中央音乐学院,4.20,,,3.96,4.20,,,,,,,,2016.jpg,,manual_from_source_image,False,2016原表含年度预算数、年度收入合计、年度支出合计; 主表budget_yi_yuan取年度预算数
2016,71,中央戏剧学院,3.05,,,2.47,3.05,,,,,,,,2016.jpg,,manual_from_source_image,False,2016原表含年度预算数、年度收入合计、年度支出合计; 主表budget_yi_yuan取年度预算数
2017,1,清华大学,233.35,,,170.68,193.35,,,,,,,,2017.png,https://www.edu.cn/ke_yan_yu_fa_zhan/gao_xiao_cheng_guo/gao_xiao_zi_xun/201808/t20180813_1620842.shtml,paddleocr_strip,False,
2017,2,北京大学,193.45,,,142.27,145.85,,,,,,,,2017.png,https://www.edu.cn/ke_yan_yu_fa_zhan/gao_xiao_cheng_guo/gao_xiao_zi_xun/201808/t20180813_1620842.shtml,paddleocr_strip,False,
2017,3,浙江大学,150.47,,,96.39,108.05,,,,,,,,2017.png,https://www.edu.cn/ke_yan_yu_fa_zhan/gao_xiao_cheng_guo/gao_xiao_zi_xun/201808/t20180813_1620842.shtml,paddleocr_strip,False,
2017,4,上海交通大学,140.77,,,108.35,112.77,,,,,,,,2017.png,https://www.edu.cn/ke_yan_yu_fa_zhan/gao_xiao_cheng_guo/gao_xiao_zi_xun/201808/t20180813_1620842.shtml,paddleocr_strip,False,
2017,5,中山大学,116.41,,,90.02,84.76,,,,,,,,2017.png,https://www.edu.cn/ke_yan_yu_fa_zhan/gao_xiao_cheng_guo/gao_xiao_zi_xun/201808/t20180813_1620842.shtml,paddleocr_strip,False,
2017,6,天津大学,113.49,,,88.13,97.08,,,,,,,,2017.png,https://www.edu.cn/ke_yan_yu_fa_zhan/gao_xiao_cheng_guo/gao_xiao_zi_xun/201808/t20180813_1620842.shtml,paddleocr_strip,False,
2017,7,复旦大学,100.41,,,71.28,74.60,,,,,,,,2017.png,https://www.edu.cn/ke_yan_yu_fa_zhan/gao_xiao_cheng_guo/gao_xiao_zi_xun/201808/t20180813_1620842.shtml,paddleocr_strip,False,
2017,8,吉林大学,87.96,,,62.91,62.71,,,,,,,,2017.png,https://www.edu.cn/ke_yan_yu_fa_zhan/gao_xiao_cheng_guo/gao_xiao_zi_xun/201808/t20180813_1620842.shtml,paddleocr_strip,False,
2017,9,武汉大学,87.49,,,64.00,72.49,,,,,,,,2017.png,https://www.edu.cn/ke_yan_yu_fa_zhan/gao_xiao_cheng_guo/gao_xiao_zi_xun/201808/t20180813_1620842.shtml,paddleocr_strip,False,
2017,10,华中科技大学,84.22,,,59.44,64.88,,,,,,,,2017.png,https://www.edu.cn/ke_yan_yu_fa_zhan/gao_xiao_cheng_guo/gao_xiao_zi_xun/201808/t20180813_1620842.shtml,paddleocr_strip,False,
2017,11,山东大学,79.90,,,62.43,68.54,,,,,,,,2017.png,https://www.edu.cn/ke_yan_yu_fa_zhan/gao_xiao_cheng_guo/gao_xiao_zi_xun/201808/t20180813_1620842.shtml,paddleocr_strip,False,
2017,12,同济大学,76.65,,,56.73,54.88,,,,,,,,2017.png,https://www.edu.cn/ke_yan_yu_fa_zhan/gao_xiao_cheng_guo/gao_xiao_zi_xun/201808/t20180813_1620842.shtml,paddleocr_strip,False,
2017,13,四川大学,76.25,,,57.25,,,,,,,,,2017.png,https://www.edu.cn/ke_yan_yu_fa_zhan/gao_xiao_cheng_guo/gao_xiao_zi_xun/201808/t20180813_1620842.shtml,paddleocr_strip,False,
2017,14,厦门大学,71.84,,,60.84,,,,,,,,,2017.png,https://www.edu.cn/ke_yan_yu_fa_zhan/gao_xiao_cheng_guo/gao_xiao_zi_xun/201808/t20180813_1620842.shtml,paddleocr_strip,False,
2017,15,西安交通大学,70.44,,,52.95,53.28,,,,,,,,2017.png,https://www.edu.cn/ke_yan_yu_fa_zhan/gao_xiao_cheng_guo/gao_xiao_zi_xun/201808/t20180813_1620842.shtml,paddleocr_strip,False,
2017,16,南京大学,69.33,,,46.58,53.00,,,,,,,,2017.png,https://www.edu.cn/ke_yan_yu_fa_zhan/gao_xiao_cheng_guo/gao_xiao_zi_xun/201808/t20180813_1620842.shtml,paddleocr_strip,False,
2017,17,中南大学,67.74,,,49.00,52.00,,,,,,,,2017.png,https://www.edu.cn/ke_yan_yu_fa_zhan/gao_xiao_cheng_guo/gao_xiao_zi_xun/201808/t20180813_1620842.shtml,paddleocr_strip,False,
2017,18,南开大学,66.81,,,60.64,60.81,,,,,,,,2017.png,https://www.edu.cn/ke_yan_yu_fa_zhan/gao_xiao_cheng_guo/gao_xiao_zi_xun/201808/t20180813_1620842.shtml,paddleocr_strip,False,
2017,19,华南理工大学,63.24,,,43.29,43.84,,,,,,,,2017.png,https://www.edu.cn/ke_yan_yu_fa_zhan/gao_xiao_cheng_guo/gao_xiao_zi_xun/201808/t20180813_1620842.shtml,paddleocr_strip,False,
2017,20,北京师范大学,62.19,,,48.16,49.61,,,,,,,,2017.png,https://www.edu.cn/ke_yan_yu_fa_zhan/gao_xiao_cheng_guo/gao_xiao_zi_xun/201808/t20180813_1620842.shtml,paddleocr_strip,False,
2017,21,东南大学,59.94,,,39.84,39.94,,,,,,,,2017.png,https://www.edu.cn/ke_yan_yu_fa_zhan/gao_xiao_cheng_guo/gao_xiao_zi_xun/201808/t20180813_1620842.shtml,paddleocr_strip,False,
2017,22,大连理工大学,53.04,,,32.92,39.89,,,,,,,,2017.png,https://www.edu.cn/ke_yan_yu_fa_zhan/gao_xiao_cheng_guo/gao_xiao_zi_xun/201808/t20180813_1620842.shtml,paddleocr_strip,False,
2017,23,中国人民大学,52.03,,,43.28,45.19,,,,,,,,2017.png,https://www.edu.cn/ke_yan_yu_fa_zhan/gao_xiao_cheng_guo/gao_xiao_zi_xun/201808/t20180813_1620842.shtml,paddleocr_strip,False,
2017,24,华东师范大学,50.39,,,38.73,41.37,,,,,,,,2017.png,https://www.edu.cn/ke_yan_yu_fa_zhan/gao_xiao_cheng_guo/gao_xiao_zi_xun/201808/t20180813_1620842.shtml,paddleocr_strip,False,
2017,25,中国农业大学,49.66,,,32.40,36.66,,,,,,,,2017.png,https://www.edu.cn/ke_yan_yu_fa_zhan/gao_xiao_cheng_guo/gao_xiao_zi_xun/201808/t20180813_1620842.shtml,paddleocr_strip,False,
2017,26,重庆大学,47.94,,,36.44,36.44,,,,,,,,2017.png,https://www.edu.cn/ke_yan_yu_fa_zhan/gao_xiao_cheng_guo/gao_xiao_zi_xun/201808/t20180813_1620842.shtml,paddleocr_strip,False,
2017,27,东北大学,47.76,,,34.69,36.39,,,,,,,,2017.png,https://www.edu.cn/ke_yan_yu_fa_zhan/gao_xiao_cheng_guo/gao_xiao_zi_xun/201808/t20180813_1620842.shtml,paddleocr_strip,False,
2017,28,北京交通大学,46.38,,,26.93,36.59,,,,,,,,2017.png,https://www.edu.cn/ke_yan_yu_fa_zhan/gao_xiao_cheng_guo/gao_xiao_zi_xun/201808/t20180813_1620842.shtml,paddleocr_strip,False,
2017,29,西南交通大学,45.20,,,30.59,39.42,,,,,,,,2017.png,https://www.edu.cn/ke_yan_yu_fa_zhan/gao_xiao_cheng_guo/gao_xiao_zi_xun/201808/t20180813_1620842.shtml,paddleocr_strip,False,
2017,30,电子科技大学,41.81,,,31.22,,,,,,,,,2017.png,https://www.edu.cn/ke_yan_yu_fa_zhan/gao_xiao_cheng_guo/gao_xiao_zi_xun/201808/t20180813_1620842.shtml,paddleocr_strip,False,
2017,31,北京科技大学,41.48,,,26.84,28.18,,,,,,,,2017.png,https://www.edu.cn/ke_yan_yu_fa_zhan/gao_xiao_cheng_guo/gao_xiao_zi_xun/201808/t20180813_1620842.shtml,paddleocr_strip,False,
2017,32,武汉理工大学,41.05,,,40.97,41.05,,,,,,,,2017.png,https://www.edu.cn/ke_yan_yu_fa_zhan/gao_xiao_cheng_guo/gao_xiao_zi_xun/201808/t20180813_1620842.shtml,paddleocr_strip,False,
2017,33,湖南大学,40.60,,,31.33,33.16,,,,,,,,2017.png,https://www.edu.cn/ke_yan_yu_fa_zhan/gao_xiao_cheng_guo/gao_xiao_zi_xun/201808/t20180813_1620842.shtml,paddleocr_strip,False,
2017,34,西南大学,38.67,,,34.77,38.67,,,,,,,,2017.png,https://www.edu.cn/ke_yan_yu_fa_zhan/gao_xiao_cheng_guo/gao_xiao_zi_xun/201808/t20180813_1620842.shtml,paddleocr_strip,False,
2017,35,中国地质大学（武汉）,37.53,,,29.03,31.03,,,,,,,,2017.png,https://www.edu.cn/ke_yan_yu_fa_zhan/gao_xiao_cheng_guo/gao_xiao_zi_xun/201808/t20180813_1620842.shtml,paddleocr_strip,False,
2017,36,中国石油大学（华东）,36.81,,,23.97,24.63,,,,,,,,2017.png,https://www.edu.cn/ke_yan_yu_fa_zhan/gao_xiao_cheng_guo/gao_xiao_zi_xun/201808/t20180813_1620842.shtml,paddleocr_strip,False,
2017,37,中国矿业大学,36.57,,,26.96,,,,,,,,,2017.png,https://www.edu.cn/ke_yan_yu_fa_zhan/gao_xiao_cheng_guo/gao_xiao_zi_xun/201808/t20180813_1620842.shtml,paddleocr_strip,False,
2017,38,中国石油大学（北京）,36.32,,,16.65,26.52,,,,,,,,2017.png,https://www.edu.cn/ke_yan_yu_fa_zhan/gao_xiao_cheng_guo/gao_xiao_zi_xun/201808/t20180813_1620842.shtml,paddleocr_strip,False,
2017,39,西北农林科技大学,35.36,,,28.61,30.78,,,,,,,,2017.png,https://www.edu.cn/ke_yan_yu_fa_zhan/gao_xiao_cheng_guo/gao_xiao_zi_xun/201808/t20180813_1620842.shtml,paddleocr_strip,False,
2017,40,华东理工大学,35.12,,,24.60,27.11,,,,,,,,2017.png,https://www.edu.cn/ke_yan_yu_fa_zhan/gao_xiao_cheng_guo/gao_xiao_zi_xun/201808/t20180813_1620842.shtml,paddleocr_strip,False,
2017,41,西安电子科技大学,34.16,,,23.50,27.20,,,,,,,,2017.png,https://www.edu.cn/ke_yan_yu_fa_zhan/gao_xiao_cheng_guo/gao_xiao_zi_xun/201808/t20180813_1620842.shtml,paddleocr_strip,False,
2017,42,南京农业大学,32.79,,,22.06,25.66,,,,,,,,2017.png,https://www.edu.cn/ke_yan_yu_fa_zhan/gao_xiao_cheng_guo/gao_xiao_zi_xun/201808/t20180813_1620842.shtml,paddleocr_strip,False,
2017,43,河海大学,28.88,,,19.99,21.08,,,,,,,,2017.png,https://www.edu.cn/ke_yan_yu_fa_zhan/gao_xiao_cheng_guo/gao_xiao_zi_xun/201808/t20180813_1620842.shtml,paddleocr_strip,False,
2017,44,兰州大学,31.13,,,24.94,28.59,,,,,,,,2017.png,https://www.edu.cn/ke_yan_yu_fa_zhan/gao_xiao_cheng_guo/gao_xiao_zi_xun/201808/t20180813_1620842.shtml,paddleocr_strip,False,
2017,45,合肥工业大学,29.52,,,22.89,,,,,,,,,2017.png,https://www.edu.cn/ke_yan_yu_fa_zhan/gao_xiao_cheng_guo/gao_xiao_zi_xun/201808/t20180813_1620842.shtml,paddleocr_strip,False,
2017,46,华北电力大学,27.79,,,19.57,,,,,,,,,2017.png,https://www.edu.cn/ke_yan_yu_fa_zhan/gao_xiao_cheng_guo/gao_xiao_zi_xun/201808/t20180813_1620842.shtml,paddleocr_strip,False,
2017,47,华中农业大学,27.37,,,21.92,24.61,,,,,,,,2017.png,https://www.edu.cn/ke_yan_yu_fa_zhan/gao_xiao_cheng_guo/gao_xiao_zi_xun/201808/t20180813_1620842.shtml,paddleocr_strip,False,
2017,48,中国海洋大学,26.63,,,26.59,26.60,,,,,,,,2017.png,https://www.edu.cn/ke_yan_yu_fa_zhan/gao_xiao_cheng_guo/gao_xiao_zi_xun/201808/t20180813_1620842.shtml,paddleocr_strip,False,
2017,49,华中师范大学,26.60,,,23.19,23.68,,,,,,,,2017.png,https://www.edu.cn/ke_yan_yu_fa_zhan/gao_xiao_cheng_guo/gao_xiao_zi_xun/201808/t20180813_1620842.shtml,paddleocr_strip,False,
2017,50,长安大学,26.05,,,26.05,26.05,,,,,,,,2017.png,https://www.edu.cn/ke_yan_yu_fa_zhan/gao_xiao_cheng_guo/gao_xiao_zi_xun/201808/t20180813_1620842.shtml,paddleocr_strip,False,
2017,51,江南大学,25.69,,,20.53,22.66,,,,,,,,2017.png,https://www.edu.cn/ke_yan_yu_fa_zhan/gao_xiao_cheng_guo/gao_xiao_zi_xun/201808/t20180813_1620842.shtml,paddleocr_strip,False,
2017,52,东北师范大学,25.08,,,22.06,22.03,,,,,,,,2017.png,https://www.edu.cn/ke_yan_yu_fa_zhan/gao_xiao_cheng_guo/gao_xiao_zi_xun/201808/t20180813_1620842.shtml,paddleocr_strip,False,
2017,53,陕西师范大学,24.77,,,18.25,22.50,,,,,,,,2017.png,https://www.edu.cn/ke_yan_yu_fa_zhan/gao_xiao_cheng_guo/gao_xiao_zi_xun/201808/t20180813_1620842.shtml,paddleocr_strip,False,
2017,54,中国地质大学（北京）,23.93,,,13.75,16.13,,,,,,,,2017.png,https://www.edu.cn/ke_yan_yu_fa_zhan/gao_xiao_cheng_guo/gao_xiao_zi_xun/201808/t20180813_1620842.shtml,paddleocr_strip,False,
2017,55,北京邮电大学,23.24,,,20.14,22.51,,,,,,,,2017.png,https://www.edu.cn/ke_yan_yu_fa_zhan/gao_xiao_cheng_guo/gao_xiao_zi_xun/201808/t20180813_1620842.shtml,paddleocr_strip,False,
2017,56,东华大学,20.69,,,16.34,16.94,,,,,,,,2017.png,https://www.edu.cn/ke_yan_yu_fa_zhan/gao_xiao_cheng_guo/gao_xiao_zi_xun/201808/t20180813_1620842.shtml,paddleocr_strip,False,
2017,57,中南财经政法大学,19.90,,,13.65,19.90,,,,,,,,2017.png,https://www.edu.cn/ke_yan_yu_fa_zhan/gao_xiao_cheng_guo/gao_xiao_zi_xun/201808/t20180813_1620842.shtml,paddleocr_strip,False,
2017,58,北京中医药大学,18.30,,,13.13,12.11,,,,,,,,2017.png,https://www.edu.cn/ke_yan_yu_fa_zhan/gao_xiao_cheng_guo/gao_xiao_zi_xun/201808/t20180813_1620842.shtml,paddleocr_strip,False,
2017,59,中国药科大学,17.84,,,13.62,13.63,,,,,,,,2017.png,https://www.edu.cn/ke_yan_yu_fa_zhan/gao_xiao_cheng_guo/gao_xiao_zi_xun/201808/t20180813_1620842.shtml,paddleocr_strip,False,
2017,60,对外经济贸易大学,16.23,,,14.23,16.23,,,,,,,,2017.png,https://www.edu.cn/ke_yan_yu_fa_zhan/gao_xiao_cheng_guo/gao_xiao_zi_xun/201808/t20180813_1620842.shtml,paddleocr_strip,False,
2017,61,西南财经大学,15.93,,,15.74,15.93,,,,,,,,2017.png,https://www.edu.cn/ke_yan_yu_fa_zhan/gao_xiao_cheng_guo/gao_xiao_zi_xun/201808/t20180813_1620842.shtml,paddleocr_strip,False,
2017,62,上海财经大学,15.84,,,14.85,14.82,,,,,,,,2017.png,https://www.edu.cn/ke_yan_yu_fa_zhan/gao_xiao_cheng_guo/gao_xiao_zi_xun/201808/t20180813_1620842.shtml,paddleocr_strip,False,
2017,63,东北林业大学,15.23,,,13.00,13.01,,,,,,,,2017.png,https://www.edu.cn/ke_yan_yu_fa_zhan/gao_xiao_cheng_guo/gao_xiao_zi_xun/201808/t20180813_1620842.shtml,paddleocr_strip,False,
2017,64,北京林业大学,14.88,,,14.88,14.88,,,,,,,,2017.png,https://www.edu.cn/ke_yan_yu_fa_zhan/gao_xiao_cheng_guo/gao_xiao_zi_xun/201808/t20180813_1620842.shtml,paddleocr_strip,False,
2017,65,中央财经大学,14.65,,,13.59,13.64,,,,,,,,2017.png,https://www.edu.cn/ke_yan_yu_fa_zhan/gao_xiao_cheng_guo/gao_xiao_zi_xun/201808/t20180813_1620842.shtml,paddleocr_strip,False,
2017,66,中国矿业大学（北京）,14.21,,,9.26,9.35,,,,,,,,2017.png,https://www.edu.cn/ke_yan_yu_fa_zhan/gao_xiao_cheng_guo/gao_xiao_zi_xun/201808/t20180813_1620842.shtml,paddleocr_strip,False,rank OCR疑似为99，按行序校正为66
2017,67,中国传媒大学,12.40,,,11.37,11.43,,,,,,,,2017.png,https://www.edu.cn/ke_yan_yu_fa_zhan/gao_xiao_cheng_guo/gao_xiao_zi_xun/201808/t20180813_1620842.shtml,paddleocr_strip,False,
2017,68,北京语言大学,12.35,,,9.47,12.02,,,,,,,,2017.png,https://www.edu.cn/ke_yan_yu_fa_zhan/gao_xiao_cheng_guo/gao_xiao_zi_xun/201808/t20180813_1620842.shtml,paddleocr_strip,False,
2017,69,北京外国语大学,12.16,,,12.16,,,,,,,,,2017.png,https://www.edu.cn/ke_yan_yu_fa_zhan/gao_xiao_cheng_guo/gao_xiao_zi_xun/201808/t20180813_1620842.shtml,paddleocr_strip,False,
2017,70,中国政法大学,11.21,,,10.71,11.21,,,,,,,,2017.png,https://www.edu.cn/ke_yan_yu_fa_zhan/gao_xiao_cheng_guo/gao_xiao_zi_xun/201808/t20180813_1620842.shtml,paddleocr_strip,False,
2017,71,北京化工大学,10.40,,,10.40,10.40,,,,,,,,2017.png,https://www.edu.cn/ke_yan_yu_fa_zhan/gao_xiao_cheng_guo/gao_xiao_zi_xun/201808/t20180813_1620842.shtml,paddleocr_strip,False,
2017,72,上海外国语大学,9.96,,,9.67,9.96,,,,,,,,2017.png,https://www.edu.cn/ke_yan_yu_fa_zhan/gao_xiao_cheng_guo/gao_xiao_zi_xun/201808/t20180813_1620842.shtml,paddleocr_strip,False,
2017,73,中央美术学院,7.61,,,7.41,7.45,,,,,,,,2017.png,https://www.edu.cn/ke_yan_yu_fa_zhan/gao_xiao_cheng_guo/gao_xiao_zi_xun/201808/t20180813_1620842.shtml,paddleocr_strip,False,
2017,74,中央音乐学院,4.56,,,4.54,4.55,,,,,,,,2017.png,https://www.edu.cn/ke_yan_yu_fa_zhan/gao_xiao_cheng_guo/gao_xiao_zi_xun/201808/t20180813_1620842.shtml,paddleocr_strip,False,
2017,75,中央戏剧学院,3.98,,,3.26,3.98,,,,,,,,2017.png,https://www.edu.cn/ke_yan_yu_fa_zhan/gao_xiao_cheng_guo/gao_xiao_zi_xun/201808/t20180813_1620842.shtml,paddleocr_strip,False,
2018,1,清华大学,269.45,,,196.74,216.31,,,,,,,,2018.jpeg,https://www.antpedia.com/news/99/n-2161799.html,paddleocr_strip,False,
2018,2,浙江大学,154.65,,,111.35,113.98,,,,,,,,2018.jpeg,https://www.antpedia.com/news/99/n-2161799.html,paddleocr_strip,False,
2018,3,上海交通大学,144.88,,,111.91,114.88,,,,,,,,2018.jpeg,https://www.antpedia.com/news/99/n-2161799.html,paddleocr_strip,False,
2018,4,中山大学,134.92,,,101.55,102.10,,,,,,,,2018.jpeg,https://www.antpedia.com/news/99/n-2161799.html,paddleocr_strip,False,
2018,5,同济大学,134.21,,,109.75,107.21,,,,,,,,2018.jpeg,https://www.antpedia.com/news/99/n-2161799.html,paddleocr_strip,False,OCR漏识别预算总经费134.21; 已按原图补入
2018,6,北京大学,125.54,,,123.91,125.54,,,,,,,,2018.jpeg,https://www.antpedia.com/news/99/n-2161799.html,paddleocr_strip,False,
2018,7,复旦大学,108.90,,,77.67,79.79,,,,,,,,2018.jpeg,https://www.antpedia.com/news/99/n-2161799.html,paddleocr_strip,False,
2018,8,华中科技大学,97.97,,,70.07,77.04,,,,,,,,2018.jpeg,https://www.antpedia.com/news/99/n-2161799.html,paddleocr_strip,False,
2018,9,吉林大学,97.65,,,64.70,63.07,,,,,,,,2018.jpeg,https://www.antpedia.com/news/99/n-2161799.html,paddleocr_strip,False,
2018,10,武汉大学,93.48,,,68.12,70.48,,,,,,,,2018.jpeg,https://www.antpedia.com/news/99/n-2161799.html,paddleocr_strip,False,
2018,11,四川大学,85.28,,,55.65,63.28,,,,,,,,2018.jpeg,https://www.antpedia.com/news/99/n-2161799.html,paddleocr_strip,False,
2018,12,山东大学,84.41,,,64.22,73.98,,,,,,,,2018.jpeg,https://www.antpedia.com/news/99/n-2161799.html,paddleocr_strip,False,
2018,13,天津大学,82.88,,,56.68,65.98,,,,,,,,2018.jpeg,https://www.antpedia.com/news/99/n-2161799.html,paddleocr_strip,False,
2018,14,南京大学,81.26,,,52.20,54.87,,,,,,,,2018.jpeg,https://www.antpedia.com/news/99/n-2161799.html,paddleocr_strip,False,
2018,15,西安交通大学,80.39,,,58.26,58.54,,,,,,,,2018.jpeg,https://www.antpedia.com/news/99/n-2161799.html,paddleocr_strip,False,
2018,16,厦门大学,76.81,,,55.58,65.81,,,,,,,,2018.jpeg,https://www.antpedia.com/news/99/n-2161799.html,paddleocr_strip,False,
2018,17,中南大学,73.02,,,50.02,55.02,,,,,,,,2018.jpeg,https://www.antpedia.com/news/99/n-2161799.html,paddleocr_strip,False,
2018,18,华南理工大学,71.75,,,50.01,50.45,,,,,,,,2018.jpeg,https://www.antpedia.com/news/99/n-2161799.html,paddleocr_strip,False,
2018,19,南开大学,69.15,,,62.71,63.15,,,,,,,,2018.jpeg,https://www.antpedia.com/news/99/n-2161799.html,paddleocr_strip,False,
2018,20,北京师范大学,66.12,,,51.84,51.62,,,,,,,,2018.jpeg,https://www.antpedia.com/news/99/n-2161799.html,paddleocr_strip,False,
2018,21,东南大学,44.70,,,41.92,,,,,,,,,2018.jpeg,https://www.antpedia.com/news/99/n-2161799.html,paddleocr_strip,False,
2018,22,中国人民大学,57.79,,,50.09,50.45,,,,,,,,2018.jpeg,https://www.antpedia.com/news/99/n-2161799.html,paddleocr_strip,False,
2018,23,华东师范大学,57.03,,,43.85,46.74,,,,,,,,2018.jpeg,https://www.antpedia.com/news/99/n-2161799.html,paddleocr_strip,False,
2018,24,大连理工大学,55.59,,,37.51,40.93,,,,,,,,2018.jpeg,https://www.antpedia.com/news/99/n-2161799.html,paddleocr_strip,False,
2018,25,中国农业大学,55.45,,,35.51,41.85,,,,,,,,2018.jpeg,https://www.antpedia.com/news/99/n-2161799.html,paddleocr_strip,False,
2018,26,电子科技大学,53.83,,,37.45,40.83,,,,,,,,2018.jpeg,https://www.antpedia.com/news/99/n-2161799.html,paddleocr_strip,False,
2018,27,重庆大学,50.36,,,38.31,42.36,,,,,,,,2018.jpeg,https://www.antpedia.com/news/99/n-2161799.html,paddleocr_strip,False,
2018,28,北京交通大学,49.33,,,29.76,37.53,,,,,,,,2018.jpeg,https://www.antpedia.com/news/99/n-2161799.html,paddleocr_strip,False,
2018,29,东北大学,36.88,,,,,,,,,,,,2018.jpeg,https://www.antpedia.com/news/99/n-2161799.html,paddleocr_strip,False,
2018,30,武汉理工大学,48.42,,,48.33,48.42,,,,,,,,2018.jpeg,https://www.antpedia.com/news/99/n-2161799.html,paddleocr_strip,False,
2018,31,北京科技大学,47.01,,,27.83,31.28,,,,,,,,2018.jpeg,https://www.antpedia.com/news/99/n-2161799.html,paddleocr_strip,False,
2018,32,西安电子科技大学,45.10,,,28.60,32.11,,,,,,,,2018.jpeg,https://www.antpedia.com/news/99/n-2161799.html,paddleocr_strip,False,
2018,33,西南交通大学,44.98,,,33.25,40.84,,,,,,,,2018.jpeg,https://www.antpedia.com/news/99/n-2161799.html,paddleocr_strip,False,
2018,35,中国矿业大学,42.32,,,21.68,31.90,,,,,,,,2018.jpeg,https://www.antpedia.com/news/99/n-2161799.html,paddleocr_strip,False,
2018,36,中国石油大学（北京）,42.13,,,20.33,25.33,,,,,,,,2018.jpeg,https://www.antpedia.com/news/99/n-2161799.html,paddleocr_strip,False,
2018,37,湖南大学,41.43,,,30.97,32.80,,,,,,,,2018.jpeg,https://www.antpedia.com/news/99/n-2161799.html,paddleocr_strip,False,
2018,38,西南大学,41.10,,,37.44,41.09,,,,,,,,2018.jpeg,https://www.antpedia.com/news/99/n-2161799.html,paddleocr_strip,False,
2018,39,中国石油大学（华东）,39.00,,,28.02,28.00,,,,,,,,2018.jpeg,https://www.antpedia.com/news/99/n-2161799.html,paddleocr_strip,False,
2018,40,兰州大学,37.97,,,27.10,30.51,,,,,,,,2018.jpeg,https://www.antpedia.com/news/99/n-2161799.html,paddleocr_strip,False,
2018,41,北京化工大学,37.86,,,23.79,37.86,,,,,,,,2018.jpeg,https://www.antpedia.com/news/99/n-2161799.html,paddleocr_strip,False,
2018,42,河海大学,37.51,,,22.42,26.51,,,,,,,,2018.jpeg,https://www.antpedia.com/news/99/n-2161799.html,paddleocr_strip,False,
2018,43,西北农林科技大学,37.38,,,29.91,31.91,,,,,,,,2018.jpeg,https://www.antpedia.com/news/99/n-2161799.html,paddleocr_strip,False,
2018,44,华东理工大学,36.43,,,25.88,27.19,,,,,,,,2018.jpeg,https://www.antpedia.com/news/99/n-2161799.html,paddleocr_strip,False,
2018,45,中国海洋大学,35.81,,,27.44,28.31,,,,,,,,2018.jpeg,https://www.antpedia.com/news/99/n-2161799.html,paddleocr_strip,False,
2018,46,江南大学,34.50,,,23.16,29.12,,,,,,,,2018.jpeg,https://www.antpedia.com/news/99/n-2161799.html,paddleocr_strip,False,
2018,47,长安大学,34.20,,,27.50,27.50,,,,,,,,2018.jpeg,https://www.antpedia.com/news/99/n-2161799.html,paddleocr_strip,False,
2018,48,南京农业大学,34.03,,,22.68,26.18,,,,,,,,2018.jpeg,https://www.antpedia.com/news/99/n-2161799.html,paddleocr_strip,False,
2018,49,华北电力大学,30.48,,,21.83,21.21,,,,,,,,2018.jpeg,https://www.antpedia.com/news/99/n-2161799.html,paddleocr_strip,False,
2018,50,合肥工业大学,29.60,,,21.05,22.96,,,,,,,,2018.jpeg,https://www.antpedia.com/news/99/n-2161799.html,paddleocr_strip,False,
2018,51,华中师范大学,29.27,,,25.82,26.16,,,,,,,,2018.jpeg,https://www.antpedia.com/news/99/n-2161799.html,paddleocr_strip,False,
2018,52,东北师范大学,27.71,,,24.68,25.16,,,,,,,,2018.jpeg,https://www.antpedia.com/news/99/n-2161799.html,paddleocr_strip,False,
2018,53,北京邮电大学,25.75,,,21.76,25.25,,,,,,,,2018.jpeg,https://www.antpedia.com/news/99/n-2161799.html,paddleocr_strip,False,
2018,54,华中农业大学,24.89,,,22.94,24.89,,,,,,,,2018.jpeg,https://www.antpedia.com/news/99/n-2161799.html,paddleocr_strip,False,
2018,55,北京中医药大学,24.57,,,23.67,24.38,,,,,,,,2018.jpeg,https://www.antpedia.com/news/99/n-2161799.html,paddleocr_strip,False,
2018,56,中国地质大学（北京）,24.15,,,14.65,15.95,,,,,,,,2018.jpeg,https://www.antpedia.com/news/99/n-2161799.html,paddleocr_strip,False,
2018,57,东华大学,22.50,,,18.15,18.80,,,,,,,,2018.jpeg,https://www.antpedia.com/news/99/n-2161799.html,paddleocr_strip,False,
2018,58,陕西师范大学,21.88,,,19.93,21.87,,,,,,,,2018.jpeg,https://www.antpedia.com/news/99/n-2161799.html,paddleocr_strip,False,
2018,59,中国药科大学,19.78,,,15.01,14.99,,,,,,,,2018.jpeg,https://www.antpedia.com/news/99/n-2161799.html,paddleocr_strip,False,
2018,60,对外经济贸易大学,17.28,,,16.28,16.65,,,,,,,,2018.jpeg,https://www.antpedia.com/news/99/n-2161799.html,paddleocr_strip,False,
2018,61,东北林业大学,16.99,,,14.57,14.90,,,,,,,,2018.jpeg,https://www.antpedia.com/news/99/n-2161799.html,paddleocr_strip,False,
2018,62,上海财经大学,16.96,,,15.77,15.93,,,,,,,,2018.jpeg,https://www.antpedia.com/news/99/n-2161799.html,paddleocr_strip,False,
2018,63,中南财经政法大学,15.97,,,14.43,15.97,,,,,,,,2018.jpeg,https://www.antpedia.com/news/99/n-2161799.html,paddleocr_strip,False,
2018,64,中国矿业大学（北京）,15.92,,,15.92,10.20,,,,,,,,2018.jpeg,https://www.antpedia.com/news/99/n-2161799.html,paddleocr_strip,False,
2018,65,西南财经大学,15.83,,,15.57,15.83,,,,,,,,2018.jpeg,https://www.antpedia.com/news/99/n-2161799.html,paddleocr_strip,False,
2018,66,北京林业大学,14.70,,,14.64,14.70,,,,,,,,2018.jpeg,https://www.antpedia.com/news/99/n-2161799.html,paddleocr_strip,False,
2018,67,中国传媒大学,14.13,,,12.81,12.99,,,,,,,,2018.jpeg,https://www.antpedia.com/news/99/n-2161799.html,paddleocr_strip,False,
2018,68,中央财经大学,14.13,,,12.81,12.99,,,,,,,,2018.jpeg,https://www.antpedia.com/news/99/n-2161799.html,paddleocr_strip,False,
2018,69,上海外国语大学,13.96,,,13.73,13.96,,,,,,,,2018.jpeg,https://www.antpedia.com/news/99/n-2161799.html,paddleocr_strip,False,
2018,70,北京外国语大学,13.88,,,13.88,13.60,,,,,,,,2018.jpeg,https://www.antpedia.com/news/99/n-2161799.html,paddleocr_strip,False,
2018,71,中国政法大学,13.50,,,13.40,13.50,,,,,,,,2018.jpeg,https://www.antpedia.com/news/99/n-2161799.html,paddleocr_strip,False,
2018,72,北京语言大学,12.28,,,10.68,11.88,,,,,,,,2018.jpeg,https://www.antpedia.com/news/99/n-2161799.html,paddleocr_strip,False,
2018,73,中央美术学院,7.99,,,7.83,7.92,,,,,,,,2018.jpeg,https://www.antpedia.com/news/99/n-2161799.html,paddleocr_strip,False,
2018,74,中央音乐学院,6.20,,,6.08,6.20,,,,,,,,2018.jpeg,https://www.antpedia.com/news/99/n-2161799.html,paddleocr_strip,False,
2018,75,中央戏剧学院,4.27,,,4.05,4.27,,,,,,,,2018.jpeg,https://www.antpedia.com/news/99/n-2161799.html,paddleocr_strip,False,
2019,1,北京大学,190.06,,,,,,,,58.33,30.69%,,,2019.jpg,https://www.sohu.com/a/311077070_503494,paddleocr_row,False,
2019,2,清华大学,297.20,,,,,,,,54.12,18.21%,,,2019.jpg,https://www.sohu.com/a/311077070_503494,paddleocr_row,False,
2019,3,浙江大学,191.77,,,,,,,,40.09,20.91%,,,2019.jpg,https://www.sohu.com/a/311077070_503494,paddleocr_row,False,
2019,4,吉林大学,98.97,,,,,,,,39.00,39.00%,,,2019.jpg,https://www.sohu.com/a/311077070_503494,paddleocr_row,False,
2019,5,武汉大学,106.44,,,,,,,,35.91,33.74%,,,2019.jpg,https://www.sohu.com/a/311077070_503494,paddleocr_row,False,
2019,6,四川大学,94.48,,,,,,,,35.27,37.33%,,,2019.jpg,https://www.sohu.com/a/311077070_503494,paddleocr_row,False,
2019,7,华中科技大学,106.98,,,,,,,,33.59,31.40%,,,2019.jpg,https://www.sohu.com/a/311077070_503494,paddleocr_row,False,
2019,8,上海交通大学,156.32,,,,,,,,33.40,21.37%,,,2019.jpg,https://www.sohu.com/a/311077070_503494,paddleocr_row,False,
2019,9,复旦大学,125.09,,,,,,,,32.76,26.19%,,,2019.jpg,https://www.sohu.com/a/311077070_503494,paddleocr_row,False,
2019,10,山东大学,97.27,,,,,,,,31.45,32.33%,,,2019.jpg,https://www.sohu.com/a/311077070_503494,paddleocr_row,False,
2019,11,中山大学,175.17,,,,,,,,27.71,15.82%,,,2019.jpg,https://www.sohu.com/a/311077070_503494,paddleocr_row,False,
2019,12,西安交通大学,271.24,,,,,,,,,,,,2019.jpg,https://www.sohu.com/a/311077070_503494,paddleocr_row,False,
2019,13,中南大学,84.50,,,,,,,,26.92,31.86%,,,2019.jpg,https://www.sohu.com/a/311077070_503494,paddleocr_row,False,
2019,14,南京大学,77.53,,,,,,,,25.95,33.47%,,,2019.jpg,https://www.sohu.com/a/311077070_503494,paddleocr_row,False,
2019,15,北京师范大学,81.85,,,,,,,,24.74,30.23%,,,2019.jpg,https://www.sohu.com/a/311077070_503494,paddleocr_row,False,
2019,16,西南大学,44.37,,,,,,,,23.48,52.92%,,,2019.jpg,https://www.sohu.com/a/311077070_503494,paddleocr_row,False,
2019,17,同济大学,90.46,,,,,,,,23.38,25.85%,,,2019.jpg,https://www.sohu.com/a/311077070_503494,paddleocr_row,False,
2019,18,天津大学,76.53,,,,,,,,23.30,30.45%,,,2019.jpg,https://www.sohu.com/a/311077070_503494,paddleocr_row,False,
2019,19,厦门大学,81.93,,,,,,,,22.58,27.56%,,,2019.jpg,https://www.sohu.com/a/311077070_503494,paddleocr_row,False,
2019,20,中国人民大学,63.92,,,,,,,,22.16,34.67%,,,2019.jpg,https://www.sohu.com/a/311077070_503494,paddleocr_row,False,
2019,21,武汉理工大学,54.71,,,,,,,,22.10,40.39%,,,2019.jpg,https://www.sohu.com/a/311077070_503494,paddleocr_row,False,
2019,22,东南大学,74.72,,,,,,,,21.86,29.26%,,,2019.jpg,https://www.sohu.com/a/311077070_503494,paddleocr_row,False,
2019,23,重庆大学,51.80,,,,,,,,21.45,41.41%,,,2019.jpg,https://www.sohu.com/a/311077070_503494,paddleocr_row,False,
2019,24,南开大学,66.35,,,,,,,,20.70,31.20%,,,2019.jpg,https://www.sohu.com/a/311077070_503494,paddleocr_row,False,
2019,25,华南理工大学,70.98,,,,,,,,20.10,28.32%,,,2019.jpg,https://www.sohu.com/a/311077070_503494,paddleocr_row,False,
2019,26,兰州大学,45.37,,,,,,,,20.04,44.17%,,,2019.jpg,https://www.sohu.com/a/311077070_503494,paddleocr_row,False,
2019,27,东北大学,49.89,,,,,,,,19.99,40.07%,,,2019.jpg,https://www.sohu.com/a/311077070_503494,paddleocr_row,False,
2019,28,大连理工大学,59.52,,,,,,,,19.78,33.23%,,,2019.jpg,https://www.sohu.com/a/311077070_503494,paddleocr_row,False,
2019,29,西北农林科技大学,39.84,,,,,,,,19.32,48.49%,,,2019.jpg,https://www.sohu.com/a/311077070_503494,paddleocr_row,False,
2019,30,华东师范大学,62.38,,,,,,,,18.23,29.22%,,,2019.jpg,https://www.sohu.com/a/311077070_503494,paddleocr_row,False,
2019,31,电子科技大学,60.51,,,,,,,,18.23,30.13%,,,2019.jpg,https://www.sohu.com/a/311077070_503494,paddleocr_row,False,
2019,32,华中师范大学,31.70,,,,,,,,17.57,55.43%,,,2019.jpg,https://www.sohu.com/a/311077070_503494,paddleocr_row,False,
2019,33,西南交通大学,47.50,,,,,,,,17.46,36.76%,,,2019.jpg,https://www.sohu.com/a/311077070_503494,paddleocr_row,False,
2019,34,湖南大学,45.56,,,,,,,,17.04,37.40%,,,2019.jpg,https://www.sohu.com/a/311077070_503494,paddleocr_row,False,
2019,35,中国地质大学（武汉）,41.79,,,,,,,,16.28,38.96%,,,2019.jpg,https://www.sohu.com/a/311077070_503494,paddleocr_row,False,
2019,36,中国农业大学,56.20,,,,,,,,15.52,27.62%,,,2019.jpg,https://www.sohu.com/a/311077070_503494,paddleocr_row,False,
2019,37,合肥工业大学,32.49,,,,,,,,15.36,47.28%,,,2019.jpg,https://www.sohu.com/a/311077070_503494,paddleocr_row,False,
2019,38,西安电子科技大学,46.43,,,,,,,,15.34,33.04%,,,2019.jpg,https://www.sohu.com/a/311077070_503494,paddleocr_row,False,
2020,1,清华大学,310.72,,,,,297.21,13.51,,,,,,2020预算.jpg,https://www.eol.cn/shuju/uni/202108/t20210805_2143174.shtml,paddleocr_strip,False,
2020,2,浙江大学,216.20,,,,,191.77,24.43,,,,,,2020预算.jpg,https://www.eol.cn/shuju/uni/202108/t20210805_2143174.shtml,paddleocr_strip,False,
2020,3,北京大学,191.08,,,,,190.07,1.01,,,,,,2020预算.jpg,https://www.eol.cn/shuju/uni/202108/t20210805_2143174.shtml,paddleocr_strip,False,
2020,4,中山大学,186.93,,,,,175.17,11.76,,,,,,2020预算.jpg,https://www.eol.cn/shuju/uni/202108/t20210805_2143174.shtml,paddleocr_strip,False,
2020,5,上海交通大学,164.90,,,,,156.32,8.58,,,,,,2020预算.jpg,https://www.eol.cn/shuju/uni/202108/t20210805_2143174.shtml,paddleocr_strip,False,
2020,6,复旦大学,136.21,,,,,125.09,11.12,,,,,,2020预算.jpg,https://www.eol.cn/shuju/uni/202108/t20210805_2143174.shtml,paddleocr_strip,False,
2020,7,山东大学,115.29,,,,,97.27,,,,,,,2020预算.jpg,https://www.eol.cn/shuju/uni/202108/t20210805_2143174.shtml,paddleocr_strip,False,
2020,8,华中科技大学,113.61,,,,,106.98,6.63,,,,,,2020预算.jpg,https://www.eol.cn/shuju/uni/202108/t20210805_2143174.shtml,paddleocr_strip,False,
2020,9,东南大学,104.39,,,,,74.72,29.67,,,,,,2020预算.jpg,https://www.eol.cn/shuju/uni/202108/t20210805_2143174.shtml,paddleocr_strip,False,
2020,10,西安交通大学,101.16,,,,,88.17,12.99,,,,,,2020预算.jpg,https://www.eol.cn/shuju/uni/202108/t20210805_2143174.shtml,paddleocr_strip,False,
2020,11,武汉大学,1.00,,,,,98.59,106.44,,,,,,2020预算.jpg,https://www.eol.cn/shuju/uni/202108/t20210805_2143174.shtml,paddleocr_strip,False,
2020,12,四川大学,98.55,,,,,94.48,4.07,,,,,,2020预算.jpg,https://www.eol.cn/shuju/uni/202108/t20210805_2143174.shtml,paddleocr_strip,False,
2020,13,吉林大学,95.31,,,,,98.97,-3.66,,,,,,2020预算.jpg,https://www.eol.cn/shuju/uni/202108/t20210805_2143174.shtml,paddleocr_strip,False,
2020,14,同济大学,94.95,,,,,90.46,4.49,,,,,,2020预算.jpg,https://www.eol.cn/shuju/uni/202108/t20210805_2143174.shtml,paddleocr_strip,False,
2020,15,天津大学,87.57,,,,,76.53,11.04,,,,,,2020预算.jpg,https://www.eol.cn/shuju/uni/202108/t20210805_2143174.shtml,paddleocr_strip,False,
2020,16,北京师范大学,86.35,,,,,81.85,4.50,,,,,,2020预算.jpg,https://www.eol.cn/shuju/uni/202108/t20210805_2143174.shtml,paddleocr_strip,False,
2020,17,中南大学,81.84,,,,,84.50,-2.66,,,,,,2020预算.jpg,https://www.eol.cn/shuju/uni/202108/t20210805_2143174.shtml,paddleocr_strip,False,
2020,18,华南理工大学,81.83,,,,,70.98,10.85,,,,,,2020预算.jpg,https://www.eol.cn/shuju/uni/202108/t20210805_2143174.shtml,paddleocr_strip,False,
2020,19,南京大学,79.29,,,,,77.53,1.76,,,,,,2020预算.jpg,https://www.eol.cn/shuju/uni/202108/t20210805_2143174.shtml,paddleocr_strip,False,
2020,20,中国人民大学,74.42,,,,,63.92,10.50,,,,,,2020预算.jpg,https://www.eol.cn/shuju/uni/202108/t20210805_2143174.shtml,paddleocr_strip,False,
2020,21,厦门大学,72.83,,,,,81.93,1.00,,,,,,2020预算.jpg,https://www.eol.cn/shuju/uni/202108/t20210805_2143174.shtml,paddleocr_strip,False,
2020,22,电子科技大学,68.50,,,,,60.51,7.99,,,,,,2020预算.jpg,https://www.eol.cn/shuju/uni/202108/t20210805_2143174.shtml,paddleocr_strip,False,
2020,23,大连理工大学,65.26,,,,,59.52,5.74,,,,,,2020预算.jpg,https://www.eol.cn/shuju/uni/202108/t20210805_2143174.shtml,paddleocr_strip,False,
2020,24,华东师范大学,62.78,,,,,62.38,0.40,,,,,,2020预算.jpg,https://www.eol.cn/shuju/uni/202108/t20210805_2143174.shtml,paddleocr_strip,False,
2020,25,南开大学,62.65,,,,,66.35,-3.70,,,,,,2020预算.jpg,https://www.eol.cn/shuju/uni/202108/t20210805_2143174.shtml,paddleocr_strip,False,
2020,26,重庆大学,58.92,,,,,51.80,7.12,,,,,,2020预算.jpg,https://www.eol.cn/shuju/uni/202108/t20210805_2143174.shtml,paddleocr_strip,False,
2020,27,北京交通大学,58.65,,,,,58.52,0.13,,,,,,2020预算.jpg,https://www.eol.cn/shuju/uni/202108/t20210805_2143174.shtml,paddleocr_strip,False,
2020,28,武汉理工大学,57.20,,,,,54.71,2.49,,,,,,2020预算.jpg,https://www.eol.cn/shuju/uni/202108/t20210805_2143174.shtml,paddleocr_strip,False,
2020,29,湖南大学,54.67,,,,,45.56,9.11,,,,,,2020预算.jpg,https://www.eol.cn/shuju/uni/202108/t20210805_2143174.shtml,paddleocr_strip,False,
2020,30,中国农业大学,53.96,,,,,56.20,-2.24,,,,,,2020预算.jpg,https://www.eol.cn/shuju/uni/202108/t20210805_2143174.shtml,paddleocr_strip,False,
2020,31,兰州大学,52.57,,,,,45.37,7.20,,,,,,2020预算.jpg,https://www.eol.cn/shuju/uni/202108/t20210805_2143174.shtml,paddleocr_strip,False,
2020,32,东北大学/,51.46,,,,,49.89,1.57,,,,,,2020预算.jpg,https://www.eol.cn/shuju/uni/202108/t20210805_2143174.shtml,paddleocr_strip,False,
2020,33,西南交通大学,49.28,,,,,47.50,1.78,,,,,,2020预算.jpg,https://www.eol.cn/shuju/uni/202108/t20210805_2143174.shtml,paddleocr_strip,False,
2020,34,北京科技大学,49.14,,,,,47.44,1.70,,,,,,2020预算.jpg,https://www.eol.cn/shuju/uni/202108/t20210805_2143174.shtml,paddleocr_strip,False,
2020,35,西南大学,48.80,,,,,44.37,1.00,,,,,,2020预算.jpg,https://www.eol.cn/shuju/uni/202108/t20210805_2143174.shtml,paddleocr_strip,False,
2020,36,西安电子科技大学,47.95,,,,,46.43,1.52,,,,,,2020预算.jpg,https://www.eol.cn/shuju/uni/202108/t20210805_2143174.shtml,paddleocr_strip,False,
2020,37,中国海洋大学,45.39,,,,,37.84,7.55,,,,,,2020预算.jpg,https://www.eol.cn/shuju/uni/202108/t20210805_2143174.shtml,paddleocr_strip,False,
2020,38,河海大学,44.54,,,,,38.53,6.01,,,,,,2020预算.jpg,https://www.eol.cn/shuju/uni/202108/t20210805_2143174.shtml,paddleocr_strip,False,
2020,39,中国石油大学（华东）,43.48,,,,,42.25,1.23,,,,,,2020预算.jpg,https://www.eol.cn/shuju/uni/202108/t20210805_2143174.shtml,paddleocr_strip,False,
2020,40,中国地质大学（武汉）,42.31,,,,,41.79,0.52,,,,,,2020预算.jpg,https://www.eol.cn/shuju/uni/202108/t20210805_2143174.shtml,paddleocr_strip,False,
2020,41,中国石油大学（北京）,42.30,,,,,42.75,-0.45,,,,,,2020预算.jpg,https://www.eol.cn/shuju/uni/202108/t20210805_2143174.shtml,paddleocr_strip,False,
2020,42,西北农林科技大学,41.61,,,,,39.80,,,,,,,2020预算.jpg,https://www.eol.cn/shuju/uni/202108/t20210805_2143174.shtml,paddleocr_strip,False,
2020,43,中国矿业大学,40.16,,,,,40.66,-0.50,,,,,,2020预算.jpg,https://www.eol.cn/shuju/uni/202108/t20210805_2143174.shtml,paddleocr_strip,False,
2020,44,长安大学,37.77,,,,,35.43,2.34,,,,,,2020预算.jpg,https://www.eol.cn/shuju/uni/202108/t20210805_2143174.shtml,paddleocr_strip,False,
2020,45,华东理工大学,37.68,,,,,36.89,0.79,,,,,,2020预算.jpg,https://www.eol.cn/shuju/uni/202108/t20210805_2143174.shtml,paddleocr_strip,False,
2020,46,江南大学,36.44,,,,,36.55,-0.11,,,,,,2020预算.jpg,https://www.eol.cn/shuju/uni/202108/t20210805_2143174.shtml,paddleocr_strip,False,
2020,47,华中农业大学,35.64,,,,,36.25,-0.61,,,,,,2020预算.jpg,https://www.eol.cn/shuju/uni/202108/t20210805_2143174.shtml,paddleocr_strip,False,
2020,48,南京农业大学,34.13,,,,,34.86,-0.73,,,,,,2020预算.jpg,https://www.eol.cn/shuju/uni/202108/t20210805_2143174.shtml,paddleocr_strip,False,
2020,49,华中师范大学,33.64,,,,,31.70,1.94,,,,,,2020预算.jpg,https://www.eol.cn/shuju/uni/202108/t20210805_2143174.shtml,paddleocr_strip,False,
2020,50,合肥工业大学,33.48,,,,,32.49,0.99,,,,,,2020预算.jpg,https://www.eol.cn/shuju/uni/202108/t20210805_2143174.shtml,paddleocr_strip,False,
2020,52,陕西师范大学,29.04,,,,,29.42,-0.38,,,,,,2020预算.jpg,https://www.eol.cn/shuju/uni/202108/t20210805_2143174.shtml,paddleocr_strip,False,
2020,53,东北师范大学,28.34,,,,,29.16,-0.82,,,,,,2020预算.jpg,https://www.eol.cn/shuju/uni/202108/t20210805_2143174.shtml,paddleocr_strip,False,
2020,54,北京化工大学,26.61,,,,,30.54,-3.93,,,,,,2020预算.jpg,https://www.eol.cn/shuju/uni/202108/t20210805_2143174.shtml,paddleocr_strip,False,
2020,55,北京中医药大学,26.02,,,,,28.80,-2.78,,,,,,2020预算.jpg,https://www.eol.cn/shuju/uni/202108/t20210805_2143174.shtml,paddleocr_strip,False,
2020,56,东华大学,25.25,,,,,24.00,1.25,,,,,,2020预算.jpg,https://www.eol.cn/shuju/uni/202108/t20210805_2143174.shtml,paddleocr_strip,False,
2020,57,中国药科大学,25.08,,,,,21.92,3.16,,,,,,2020预算.jpg,https://www.eol.cn/shuju/uni/202108/t20210805_2143174.shtml,paddleocr_strip,False,
2020,58,中国地质大学（北京）,24.08,,,,,25.22,-1.14,,,,,,2020预算.jpg,https://www.eol.cn/shuju/uni/202108/t20210805_2143174.shtml,paddleocr_strip,False,
2020,59,华北电力大学（北京）,23.72,,,,,23.19,0.53,,,,,,2020预算.jpg,https://www.eol.cn/shuju/uni/202108/t20210805_2143174.shtml,paddleocr_strip,False,
2020,61,中南财经政法大学,22.74,,,,,19.57,3.17,,,,,,2020预算.jpg,https://www.eol.cn/shuju/uni/202108/t20210805_2143174.shtml,paddleocr_strip,False,
2020,62,北京林业大学,22.47,,,,,21.41,1.06,,,,,,2020预算.jpg,https://www.eol.cn/shuju/uni/202108/t20210805_2143174.shtml,paddleocr_strip,False,
2020,63,西南财经大学,19.65,,,,,1.08,,,,,,,2020预算.jpg,https://www.eol.cn/shuju/uni/202108/t20210805_2143174.shtml,paddleocr_strip,False,
2020,64,中国矿业大学（北京）,19.30,,,,,18.30,1.00,,,,,,2020预算.jpg,https://www.eol.cn/shuju/uni/202108/t20210805_2143174.shtml,paddleocr_strip,False,
2020,65,中央财经大学,18.86,,,,,15.99,2.87,,,,,,2020预算.jpg,https://www.eol.cn/shuju/uni/202108/t20210805_2143174.shtml,paddleocr_strip,False,
2020,66,东北林业大学,18.20,,,,,18.69,-0.49,,,,,,2020预算.jpg,https://www.eol.cn/shuju/uni/202108/t20210805_2143174.shtml,paddleocr_strip,False,
2020,67,上海财经大学,17.90,,,,,17.90,0.00,,,,,,2020预算.jpg,https://www.eol.cn/shuju/uni/202108/t20210805_2143174.shtml,paddleocr_strip,False,
2020,68,中国政法大学,17.06,,,,,16.93,0.13,,,,,,2020预算.jpg,https://www.eol.cn/shuju/uni/202108/t20210805_2143174.shtml,paddleocr_strip,False,
2020,69,对外经济贸易大学,16.58,,,,,17.18,-0.60,,,,,,2020预算.jpg,https://www.eol.cn/shuju/uni/202108/t20210805_2143174.shtml,paddleocr_strip,False,
2020,70,北京外国语大学,14.93,,,,,14.78,0.15,,,,,,2020预算.jpg,https://www.eol.cn/shuju/uni/202108/t20210805_2143174.shtml,paddleocr_strip,False,
2020,71,北京语言大学,13.02,,,,,12.30,1.00,,,,,,2020预算.jpg,https://www.eol.cn/shuju/uni/202108/t20210805_2143174.shtml,paddleocr_strip,False,
2020,72,上海外国语大学,12.88,,,,,13.40,-0.52,,,,,,2020预算.jpg,https://www.eol.cn/shuju/uni/202108/t20210805_2143174.shtml,paddleocr_strip,False,
2020,73,华北电力大学（保定）,10.17,,,,,10.18,-0.01,,,,,,2020预算.jpg,https://www.eol.cn/shuju/uni/202108/t20210805_2143174.shtml,paddleocr_strip,False,
2020,74,中央美术学院,9.14,,,,,9.02,0.12,,,,,,2020预算.jpg,https://www.eol.cn/shuju/uni/202108/t20210805_2143174.shtml,paddleocr_strip,False,
2020,75,中央音乐学院,7.11,,,,,7.18,-0.07,,,,,,2020预算.jpg,https://www.eol.cn/shuju/uni/202108/t20210805_2143174.shtml,paddleocr_strip,False,
2020,76,中央戏剧学院,4.23,,,,,4.86,-0.63,,,,,,2020预算.jpg,https://www.eol.cn/shuju/uni/202108/t20210805_2143174.shtml,paddleocr_strip,False,
2021,1,清华大学,317.28,,,,,,6.57,2.11%,,,,,2021.png,https://m.mp.oeeee.com/a/BAAFRD000020210414468623.html,paddleocr_row,False,
2021,2,浙江大学,228.16,,,,,,11.96,5.53%,,,,,2021.png,https://m.mp.oeeee.com/a/BAAFRD000020210414468623.html,paddleocr_row,False,
2021,3,北京大学,221.34,,,,,,30.26,15.84%,,,,,2021.png,https://m.mp.oeeee.com/a/BAAFRD000020210414468623.html,paddleocr_row,False,
2021,4,中山大学,198.55,,,,,,11.61,6.21%,,,,,2021.png,https://m.mp.oeeee.com/a/BAAFRD000020210414468623.html,paddleocr_row,False,
2021,5,上海交通大学,175.65,,,,,,10.75,6.52%,,,,,2021.png,https://m.mp.oeeee.com/a/BAAFRD000020210414468623.html,paddleocr_row,False,
2021,6,复旦大学,141.62,,,,,,5.41,3.97%,,,,,2021.png,https://m.mp.oeeee.com/a/BAAFRD000020210414468623.html,paddleocr_row,False,
2021,7,山东大学,118.08,,,,,,2.79,2.42%,,,,,2021.png,https://m.mp.oeeee.com/a/BAAFRD000020210414468623.html,paddleocr_row,False,
2021,8,华中科技大学,116.33,,,,,,2.72,2.39%,,,,,2021.png,https://m.mp.oeeee.com/a/BAAFRD000020210414468623.html,paddleocr_row,False,
2021,9,西安交通大学,114.68,,,,,,13.52,13.36%,,,,,2021.png,https://m.mp.oeeee.com/a/BAAFRD000020210414468623.html,paddleocr_row,False,
2021,10,东南大学,113.92,,,,,,12.08,9.12%,,,,,2021.png,https://m.mp.oeeee.com/a/BAAFRD000020210414468623.html,paddleocr_row,False,
2021,11,同济大学,107.04,,,,,,12.73,12.73%,,,,,2021.png,https://m.mp.oeeee.com/a/BAAFRD000020210414468623.html,paddleocr_row,False,
2021,12,武汉大学,106.44,,,,,,7.85,7.96%,,,,,2021.png,https://m.mp.oeeee.com/a/BAAFRD000020210414468623.html,paddleocr_row,False,
2021,13,四川大学,101.76,,,,,,3.21,3.25%,,,,,2021.png,https://m.mp.oeeee.com/a/BAAFRD000020210414468623.html,paddleocr_row,False,
2021,14,吉林大学,98.36,,,,,,3.05,3.20%,,,,,2021.png,https://m.mp.oeeee.com/a/BAAFRD000020210414468623.html,paddleocr_row,False,
2021,15,北京师范大学,87.85,,,,,,1.51,1.74%,,,,,2021.png,https://m.mp.oeeee.com/a/BAAFRD000020210414468623.html,paddleocr_row,False,
2021,16,中南大学,87.70,,,,,,5.86,7.16%,,,,,2021.png,https://m.mp.oeeee.com/a/BAAFRD000020210414468623.html,paddleocr_row,False,
2021,17,厦门大学,86.81,,,,,,13.98,19.20%,,,,,2021.png,https://m.mp.oeeee.com/a/BAAFRD000020210414468623.html,paddleocr_row,False,
2021,18,南京大学,86.39,,,,,,7.10,8.95%,,,,,2021.png,https://m.mp.oeeee.com/a/BAAFRD000020210414468623.html,paddleocr_row,False,
2021,19,华南理工大学,83.18,,,,,,1.34,1.64%,,,,,2021.png,https://m.mp.oeeee.com/a/BAAFRD000020210414468623.html,paddleocr_row,False,
2021,20,中国人民大学,78.06,,,,,,3.64,4.88%,,,,,2021.png,https://m.mp.oeeee.com/a/BAAFRD000020210414468623.html,paddleocr_row,False,
2021,21,天津大学,76.01,,,,,,-11.56,-13.20%,,,,,2021.png,https://m.mp.oeeee.com/a/BAAFRD000020210414468623.html,paddleocr_row,False,
2021,22,大连理工大学,72.16,,,,,,6.90,10.57%,,,,,2021.png,https://m.mp.oeeee.com/a/BAAFRD000020210414468623.html,paddleocr_row,False,
2021,23,电子科技大学,71.48,,,,,,2.97,4.34%,,,,,2021.png,https://m.mp.oeeee.com/a/BAAFRD000020210414468623.html,paddleocr_row,False,
2021,24,重庆大学,67.21,,,,,,8.29,14.07%,,,,,2021.png,https://m.mp.oeeee.com/a/BAAFRD000020210414468623.html,paddleocr_row,False,
2021,25,华东师范大学,65.17,,,,,,2.39,3.81%,,,,,2021.png,https://m.mp.oeeee.com/a/BAAFRD000020210414468623.html,paddleocr_row,False,
2021,26,武汉理工大学,60.94,,,,,,3.74,6.54%,,,,,2021.png,https://m.mp.oeeee.com/a/BAAFRD000020210414468623.html,paddleocr_row,False,
2021,27,中国农业大学,60.05,,,,,,6.10,11.30%,,,,,2021.png,https://m.mp.oeeee.com/a/BAAFRD000020210414468623.html,paddleocr_row,False,
2021,28,湖南大学,58.44,,,,,,3.77,6.89%,,,,,2021.png,https://m.mp.oeeee.com/a/BAAFRD000020210414468623.html,paddleocr_row,False,
2021,29,南开大学,57.74,,,,,,-4.90,-7.83%,,,,,2021.png,https://m.mp.oeeee.com/a/BAAFRD000020210414468623.html,paddleocr_row,False,
2021,30,北京交通大学,55.93,,,,,,-2.72,-4.64%,,,,,2021.png,https://m.mp.oeeee.com/a/BAAFRD000020210414468623.html,paddleocr_row,False,
2021,31,北京科技大学,54.53,,,,,,5.39,10.96%,,,,,2021.png,https://m.mp.oeeee.com/a/BAAFRD000020210414468623.html,paddleocr_row,False,
2021,32,东北大学,54.49,,,,,,3.03,5.89%,,,,,2021.png,https://m.mp.oeeee.com/a/BAAFRD000020210414468623.html,paddleocr_row,False,
2021,33,西安电子科技大学,51.78,,,,,,3.83,7.98%,,,,,2021.png,https://m.mp.oeeee.com/a/BAAFRD000020210414468623.html,paddleocr_row,False,
2021,34,西南交通大学,51.42,,,,,,2.15,4.35%,,,,,2021.png,https://m.mp.oeeee.com/a/BAAFRD000020210414468623.html,paddleocr_row,False,
2021,35,兰州大学,49.84,,,,,,-2.73,-5.19%,,,,,2021.png,https://m.mp.oeeee.com/a/BAAFRD000020210414468623.html,paddleocr_row,False,
2021,36,西南大学,49.08,,,,,,0.28,0.57%,,,,,2021.png,https://m.mp.oeeee.com/a/BAAFRD000020210414468623.html,paddleocr_row,False,
2021,37,河海大学,47.31,,,,,,2.78,6.24%,,,,,2021.png,https://m.mp.oeeee.com/a/BAAFRD000020210414468623.html,paddleocr_row,False,
2021,38,中国石油大学（华东）,45.90,,,,,,2.42,5.57%,,,,,2021.png,https://m.mp.oeeee.com/a/BAAFRD000020210414468623.html,paddleocr_row,False,
2021,39,西北农林科技大学,45.55,,,,,,3.94,9.48%,,,,,2021.png,https://m.mp.oeeee.com/a/BAAFRD000020210414468623.html,paddleocr_row,False,
2021,40,中国海洋大学,45.13,,,,,,-0.27,-0.59%,,,,,2021.png,https://m.mp.oeeee.com/a/BAAFRD000020210414468623.html,paddleocr_row,False,
2021,41,中国石油大学（北京）,43.07,,,,,,0.77,1.82%,,,,,2021.png,https://m.mp.oeeee.com/a/BAAFRD000020210414468623.html,paddleocr_row,False,
2021,42,中国矿业大学,41.34,,,,,,1.18,2.94%,,,,,2021.png,https://m.mp.oeeee.com/a/BAAFRD000020210414468623.html,paddleocr_row,False,
2021,43,中国地质大学（武汉）,41.15,,,,,,-1.16,-2.74%,,,,,2021.png,https://m.mp.oeeee.com/a/BAAFRD000020210414468623.html,paddleocr_row,False,
2021,44,北京邮电大学,39.14,,,,,,9.98,34.22%,,,,,2021.png,https://m.mp.oeeee.com/a/BAAFRD000020210414468623.html,paddleocr_row,False,
2021,45,华东理工大学,37.39,,,,,,-0.29,-0.77%,,,,,2021.png,https://m.mp.oeeee.com/a/BAAFRD000020210414468623.html,paddleocr_row,False,
2021,46,华中农业大学,37.30,,,,,,1.66,4.65%,,,,,2021.png,https://m.mp.oeeee.com/a/BAAFRD000020210414468623.html,paddleocr_row,False,
2021,47,华北电力大学,37.15,,,,,,3.27,9.64%,,,,,2021.png,https://m.mp.oeeee.com/a/BAAFRD000020210414468623.html,paddleocr_row,False,
2021,48,江南大学,36.48,,,,,,0.04,0.11%,,,,,2021.png,https://m.mp.oeeee.com/a/BAAFRD000020210414468623.html,paddleocr_row,False,
2021,49,合肥工业大学,36.18,,,,,,2.71,8.09%,,,,,2021.png,https://m.mp.oeeee.com/a/BAAFRD000020210414468623.html,paddleocr_row,False,
2021,50,长安大学,35.71,,,,,,-2.06,-5.46%,,,,,2021.png,https://m.mp.oeeee.com/a/BAAFRD000020210414468623.html,paddleocr_row,False,
2021,51,华中师范大学,34.06,,,,,,0.42,1.24%,,,,,2021.png,https://m.mp.oeeee.com/a/BAAFRD000020210414468623.html,paddleocr_row,False,
2021,52,南京农业大学,33.05,,,,,,-1.08,-3.18%,,,,,2021.png,https://m.mp.oeeee.com/a/BAAFRD000020210414468623.html,paddleocr_row,False,
2021,53,陕西师范大学,31.87,,,,,,2.83,9.74%,,,,,2021.png,https://m.mp.oeeee.com/a/BAAFRD000020210414468623.html,paddleocr_row,False,
2021,54,北京化工大学,29.34,,,,,,2.74,10.28%,,,,,2021.png,https://m.mp.oeeee.com/a/BAAFRD000020210414468623.html,paddleocr_row,False,
2021,55,东北师范大学,28.73,,,,,,0.39,1.37%,,,,,2021.png,https://m.mp.oeeee.com/a/BAAFRD000020210414468623.html,paddleocr_row,False,
2021,56,北京中医药大学,28.35,,,,,,2.33,8.97%,,,,,2021.png,https://m.mp.oeeee.com/a/BAAFRD000020210414468623.html,paddleocr_row,False,
2021,57,东华大学,27.60,,,,,,2.36,9.34%,,,,,2021.png,https://m.mp.oeeee.com/a/BAAFRD000020210414468623.html,paddleocr_row,False,
2021,58,中国药科大学,26.48,,,,,,1.40,5.58%,,,,,2021.png,https://m.mp.oeeee.com/a/BAAFRD000020210414468623.html,paddleocr_row,False,
2021,59,中国传媒大学,25.35,,,,,,2.01,8.61%,,,,,2021.png,https://m.mp.oeeee.com/a/BAAFRD000020210414468623.html,paddleocr_row,False,
2021,60,中国地质大学（北京）,24.97,,,,,,0.89,3.69%,,,,,2021.png,https://m.mp.oeeee.com/a/BAAFRD000020210414468623.html,paddleocr_row,False,
2021,61,中国矿业大学（北京）,23.02,,,,,,3.72,19.30%,,,,,2021.png,https://m.mp.oeeee.com/a/BAAFRD000020210414468623.html,paddleocr_row,False,
2021,62,北京林业大学,22.29,,,,,,-0.18,-0.82%,,,,,2021.png,https://m.mp.oeeee.com/a/BAAFRD000020210414468623.html,paddleocr_row,False,
2021,63,中南财经政法大学,21.01,,,,,,-1.73,-7.60%,,,,,2021.png,https://m.mp.oeeee.com/a/BAAFRD000020210414468623.html,paddleocr_row,False,
2021,64,中央财经大学,20.51,,,,,,1.65,8.75%,,,,,2021.png,https://m.mp.oeeee.com/a/BAAFRD000020210414468623.html,paddleocr_row,False,
2021,65,西南财经大学,19.98,,,,,,0.33,1.66%,,,,,2021.png,https://m.mp.oeeee.com/a/BAAFRD000020210414468623.html,paddleocr_row,False,
2021,66,上海财经大学,19.89,,,,,,1.99,11.09%,,,,,2021.png,https://m.mp.oeeee.com/a/BAAFRD000020210414468623.html,paddleocr_row,False,
2021,67,中国政法大学,18.78,,,,,,1.72,10.07%,,,,,2021.png,https://m.mp.oeeee.com/a/BAAFRD000020210414468623.html,paddleocr_row,False,
2021,68,东北林业大学,18.21,,,,,,0.01,0.05%,,,,,2021.png,https://m.mp.oeeee.com/a/BAAFRD000020210414468623.html,paddleocr_row,False,
2021,69,对外经济贸易大学,17.55,,,,,,0.98,5.88%,,,,,2021.png,https://m.mp.oeeee.com/a/BAAFRD000020210414468623.html,paddleocr_row,False,
2021,70,上海外国语大学,15.28,,,,,,2.40,18.63%,,,,,2021.png,https://m.mp.oeeee.com/a/BAAFRD000020210414468623.html,paddleocr_row,False,
2021,71,北京外国语大学,13.99,,,,,,-0.94,-6.30%,,,,,2021.png,https://m.mp.oeeee.com/a/BAAFRD000020210414468623.html,paddleocr_row,False,
2021,72,北京语言大学,11.69,,,,,,1.33,-10.24%,,,,,2021.png,https://m.mp.oeeee.com/a/BAAFRD000020210414468623.html,paddleocr_row,False,
2021,73,中央美术学院,8.99,,,,,,,,,,,,2021.png,https://m.mp.oeeee.com/a/BAAFRD000020210414468623.html,paddleocr_row,False,当前原图只抽取年度预算列; 收入/支出列为空; OCR行内混入中央音乐学院; 按上下文拆分
2021,73,中央音乐学院,8.99,,,,,,-0.15,-1.62%,,,,,2021.png,https://m.mp.oeeee.com/a/BAAFRD000020210414468623.html,paddleocr_row,False,
2021,75,中央戏剧学院,3.94,,,,,,-0.29,-6.92%,,,,,2021.png,https://m.mp.oeeee.com/a/BAAFRD000020210414468623.html,paddleocr_row,False,
2022,2,浙江大学,261.03,160.13,,,,,,,,,教育部,浙江省,2022.jpg,,paddleocr_strip,False,
2022,3,北京大学,219.29,160.10,,,,,,,,,教育部,北京市,2022.jpg,,paddleocr_strip,False,
2022,4,上海交通大学,204.20,153.11,,,,,,,,,教育部,上海市,2022.jpg,,paddleocr_strip,False,
2022,5,中山大学,193.05,129.66,,,,,,,,,教育部,广东省,2022.jpg,,paddleocr_strip,False,
2022,6,复旦大学,171.55,97.23,,,,,,,,,教育部,上海市,2022.jpg,,paddleocr_strip,False,
2022,10,西安交通大学,133.72,84.87,,,,,,,,,教育部,陕西省,2022.jpg,,paddleocr_strip,False,
2022,11,山东大学,130.65,94.52,,,,,,,,,教育部,山东省,2022.jpg,,paddleocr_strip,False,
2022,12,华中科技大学,129.84,86.00,,,,,,,,,教育部,湖北省,2022.jpg,,paddleocr_strip,False,
2022,13,同济大学,119.51,81.19,,,,,,,,,教育部,上海市,2022.jpg,,paddleocr_strip,False,
2022,14,东南大学,119.03,82.77,,,,,,,,,教育部,江苏省,2022.jpg,,paddleocr_strip,False,
2022,15,武汉大学,118.93,76.61,,,,,,,,,教育部,湖北省,2022.jpg,,paddleocr_strip,False,
2022,17,四川大学,110.12,67.87,,,,,,,,,教育部,四川省,2022.jpg,,paddleocr_strip,False,
2022,18,厦门大学,107.10,79.61,,,,,,,,,教育部,福建省,2022.jpg,,paddleocr_strip,False,
2022,20,吉林大学,103.93,73.80,,,,,,,,,教育部,吉林省,2022.jpg,,paddleocr_strip,False,
2022,21,北京师范大学,98.97,71.57,,,,,,,,,教育部,北京市,2022.jpg,,paddleocr_strip,False,
2022,22,中南大学,96.00,60.74,,,,,,,,,教育部,湖南省,2022.jpg,,paddleocr_strip,False,
2022,23,南京大学,93.47,60.77,,,,,,,,,教育部,江苏省,2022.jpg,,paddleocr_strip,False,
2022,24,华南理工大学,92.20,57.47,,,,,,,,,教育部,广东省,2022.jpg,,paddleocr_strip,False,
2022,25,天津大学,84.55,53.11,,,,,,,,,教育部,天津市,2022.jpg,,paddleocr_strip,False,
2022,26,大连理工大学,82.25,57.34,,,,,,,,,教育部,辽宁省,2022.jpg,,paddleocr_strip,False,
2022,27,中国人民大学,79.99,59.78,,,,,,,,,教育部,北京市,2022.jpg,,paddleocr_strip,False,
2022,28,重庆大学,75.47,52.94,,,,,,,,,教育部,重庆市,2022.jpg,,paddleocr_strip,False,
2022,29,电子科技大学,72.86,51.94,,,,,,,,,教育部,四川省,2022.jpg,,paddleocr_strip,False,
2022,32,华东师范大学,67.35,50.16,,,,,,,,,教育部,上海市,2022.jpg,,paddleocr_strip,False,
2022,33,武汉理工大学,65.84,49.45,,,,,,,,,教育部,湖北省,2022.jpg,,paddleocr_strip,False,
2022,34,湖南大学,64.17,45.31,,,,,,,,,教育部,湖南省,2022.jpg,,paddleocr_strip,False,
2022,36,中国农业大学,63.47,45.73,,,,,,,,,教育部,北京市,2022.jpg,,paddleocr_strip,False,
2022,37,东北大学,62.04,45.30,,,,,,,,,教育部,辽宁省,2022.jpg,,paddleocr_strip,False,
2022,38,西安电子科技大学,60.56,39.90,,,,,,,,,教育部,陕西省,2022.jpg,,paddleocr_strip,False,
2022,39,南开大学,60.52,48.03,,,,,,,,,教育部,天津市,2022.jpg,,paddleocr_strip,False,
2022,40,北京交通大学,57.79,34.81,,,,,,,,,教育部,北京市,2022.jpg,,paddleocr_strip,False,
2022,42,兰州大学,55.17,37.59,,,,,,,,,教育部,甘肃省,2022.jpg,,paddleocr_strip,False,
2022,43,中国海洋大学,55.08,36.03,,,,,,,,,教育部,山东省,2022.jpg,,paddleocr_strip,False,
2022,45,北京科技大学,54.79,34.83,,,,,,,,,教育部,北京市,2022.jpg,,paddleocr_strip,False,
2022,46,西南交通大学,54.46,40.86,,,,,,,,,教育部,四川省,2022.jpg,,paddleocr_strip,False,
2022,47,西南大学,51.32,40.13,,,,,,,,,教育部,重庆市,2022.jpg,,paddleocr_strip,False,
2022,48,河海大学,50.49,32.57,,,,,,,,,教育部,江苏省,2022.jpg,,paddleocr_strip,False,
2022,50,中国石油大学（华东）,48.85,,,,,,,,,,,,2022.jpg,,paddleocr_strip,False,当前原图只抽取年度预算列; 收入/支出列为空; 主管部门=教育部
2022,51,中国地质大学（武汉）,46.41,,,,,,,,,,,,2022.jpg,,paddleocr_strip,False,当前原图只抽取年度预算列; 收入/支出列为空; 主管部门=教育部
2022,52,西北农林科技大学,46.40,35.46,,,,,,,,,教育部,陕西省,2022.jpg,,paddleocr_strip,False,
2022,54,北京邮电大学,45.13,26.37,,,,,,,,,教育部,北京市,2022.jpg,,paddleocr_strip,False,
2022,55,江南大学,44.86,29.57,,,,,,,,,教育部,江苏省,2022.jpg,,paddleocr_strip,False,
2022,56,中国石油大学（北京）,44.86,,,,,,,,,,,,2022.jpg,,paddleocr_strip,False,当前原图只抽取年度预算列; 收入/支出列为空; 主管部门=教育部
2022,57,中国矿业大学,43.62,27.99,,,,,,,,,教育部,江苏省,2022.jpg,,paddleocr_strip,False,
2022,58,华东理工大学,42.81,30.38,,,,,,,,,教育部,上海市,2022.jpg,,paddleocr_strip,False,
2022,59,华中农业大学,42.29,28.13,,,,,,,,,教育部,湖北省,2022.jpg,,paddleocr_strip,False,
2022,60,华北电力大学,41.97,30.78,,,,,,,,,教育部,北京市,2022.jpg,,paddleocr_strip,False,
2022,61,长安大学,41.37,31.75,,,,,,,,,教育部,陕西省,2022.jpg,,paddleocr_strip,False,
2022,62,合肥工业大学,39.55,26.55,,,,,,,,,教育部,安徽省,2022.jpg,,paddleocr_strip,False,
2022,67,陕西师范大学,37.36,28.26,,,,,,,,,教育部,陕西省,2022.jpg,,paddleocr_strip,False,
2022,73,南京农业大学,33.61,26.18,,,,,,,,,教育部,江苏省,2022.jpg,,paddleocr_strip,False,
2022,75,东华大学,33.34,21.48,,,,,,,,,教育部,上海市,2022.jpg,,paddleocr_strip,False,
2022,77,北京中医药大学,32.61,27.53,,,,,,,,,教育部,北京市,2022.jpg,,paddleocr_strip,False,
2022,78,北京化工大学,32.30,20.41,,,,,,,,,教育部,北京市,2022.jpg,,paddleocr_strip,False,
2022,87,东北师范大学,29.89,26.26,,,,,,,,,教育部,吉林省,2022.jpg,,paddleocr_strip,False,
2022,88,中国药科大学,28.46,18.68,,,,,,,,,教育部,江苏省,2022.jpg,,paddleocr_strip,False,
2022,89,中国地质大学（北京）,27.63,,,,,,,,,,,,2022.jpg,,paddleocr_strip,False,当前原图只抽取年度预算列; 收入/支出列为空; 主管部门=教育部
2022,90,中国传媒大学,26.73,20.68,,,,,,,,,教育部,北京市,2022.jpg,,paddleocr_strip,False,
2022,96,北京林业大学,24.66,15.56,,,,,,,,,教育部,北京市,2022.jpg,,paddleocr_strip,False,
2023,1,清华大学,410.93,285.68,410.93,,,,,,,,,,2023.webp,https://cacsc.com.cn/2024/2023年教育部直属高校预算汇总.html?utm_source=chatgpt.com,paddleocr_strip,False,
2023,2,浙江大学,309.01,177.52,309.01,,,,,,,,,,2023.webp,https://cacsc.com.cn/2024/2023年教育部直属高校预算汇总.html?utm_source=chatgpt.com,paddleocr_strip,False,
2023,3,上海交通大学,265.16,179.96,265.16,,,,,,,,,,2023.webp,https://cacsc.com.cn/2024/2023年教育部直属高校预算汇总.html?utm_source=chatgpt.com,paddleocr_strip,False,
2023,4,北京大学,222.47,150.90,222.47,,,,,,,,,,2023.webp,https://cacsc.com.cn/2024/2023年教育部直属高校预算汇总.html?utm_source=chatgpt.com,paddleocr_strip,False,
2023,5,中山大学,197.14,131.18,197.14,,,,,,,,,,2023.webp,https://cacsc.com.cn/2024/2023年教育部直属高校预算汇总.html?utm_source=chatgpt.com,paddleocr_strip,False,
2023,6,复旦大学,178.69,99.04,178.69,,,,,,,,,,2023.webp,https://cacsc.com.cn/2024/2023年教育部直属高校预算汇总.html?utm_source=chatgpt.com,paddleocr_strip,False,
2023,7,山东大学,166.58,109.12,166.58,,,,,,,,,,2023.webp,https://cacsc.com.cn/2024/2023年教育部直属高校预算汇总.html?utm_source=chatgpt.com,paddleocr_strip,False,
2023,8,同济大学,152.04,103.53,152.04,,,,,,,,,,2023.webp,https://cacsc.com.cn/2024/2023年教育部直属高校预算汇总.html?utm_source=chatgpt.com,paddleocr_strip,False,
2023,9,武汉大学,151.36,91.83,151.36,,,,,,,,,,2023.webp,https://cacsc.com.cn/2024/2023年教育部直属高校预算汇总.html?utm_source=chatgpt.com,paddleocr_strip,False,
2023,10,西安交通大学,146.29,87.18,146.29,,,,,,,,,,2023.webp,https://cacsc.com.cn/2024/2023年教育部直属高校预算汇总.html?utm_source=chatgpt.com,paddleocr_strip,False,
2023,11,东南大学,145.49,99.76,145.49,,,,,,,,,,2023.webp,https://cacsc.com.cn/2024/2023年教育部直属高校预算汇总.html?utm_source=chatgpt.com,paddleocr_strip,False,
2023,12,华中科技大学,137.37,94.14,137.37,,,,,,,,,,2023.webp,https://cacsc.com.cn/2024/2023年教育部直属高校预算汇总.html?utm_source=chatgpt.com,paddleocr_strip,False,
2023,13,华南理工大学,125.26,82.04,125.26,,,,,,,,,,2023.webp,https://cacsc.com.cn/2024/2023年教育部直属高校预算汇总.html?utm_source=chatgpt.com,paddleocr_strip,False,
2023,14,四川大学,124.01,78.97,124.01,,,,,,,,,,2023.webp,https://cacsc.com.cn/2024/2023年教育部直属高校预算汇总.html?utm_source=chatgpt.com,paddleocr_strip,False,
2023,15,中南大学,120.00,76.71,120.00,,,,,,,,,,2023.webp,https://cacsc.com.cn/2024/2023年教育部直属高校预算汇总.html?utm_source=chatgpt.com,paddleocr_strip,False,
2023,16,北京师范大学,115.69,80.50,115.69,,,,,,,,,,2023.webp,https://cacsc.com.cn/2024/2023年教育部直属高校预算汇总.html?utm_source=chatgpt.com,paddleocr_strip,False,
2023,17,厦门大学,113.17,86.26,113.17,,,,,,,,,,2023.webp,https://cacsc.com.cn/2024/2023年教育部直属高校预算汇总.html?utm_source=chatgpt.com,paddleocr_strip,False,
2023,18,大连理工大学,106.13,69.19,106.13,,,,,,,,,,2023.webp,https://cacsc.com.cn/2024/2023年教育部直属高校预算汇总.html?utm_source=chatgpt.com,paddleocr_strip,False,
2023,19,吉林大学,104.72,75.14,104.72,,,,,,,,,,2023.webp,https://cacsc.com.cn/2024/2023年教育部直属高校预算汇总.html?utm_source=chatgpt.com,paddleocr_strip,False,
2023,20,中国人民大学,104.48,75.26,104.48,,,,,,,,,,2023.webp,https://cacsc.com.cn/2024/2023年教育部直属高校预算汇总.html?utm_source=chatgpt.com,paddleocr_strip,False,
2023,21,南京大学,97.49,63.11,97.49,,,,,,,,,,2023.webp,https://cacsc.com.cn/2024/2023年教育部直属高校预算汇总.html?utm_source=chatgpt.com,paddleocr_strip,False,
2023,22,天津大学,91.95,60.10,91.95,,,,,,,,,,2023.webp,https://cacsc.com.cn/2024/2023年教育部直属高校预算汇总.html?utm_source=chatgpt.com,paddleocr_strip,False,
2023,23,电子科技大学,87.87,59.39,87.87,,,,,,,,,,2023.webp,https://cacsc.com.cn/2024/2023年教育部直属高校预算汇总.html?utm_source=chatgpt.com,paddleocr_strip,False,
2023,24,重庆大学,84.54,58.02,84.54,,,,,,,,,,2023.webp,https://cacsc.com.cn/2024/2023年教育部直属高校预算汇总.html?utm_source=chatgpt.com,paddleocr_strip,False,
2023,25,湖南大学,79.33,47.21,79.33,,,,,,,,,,2023.webp,https://cacsc.com.cn/2024/2023年教育部直属高校预算汇总.html?utm_source=chatgpt.com,paddleocr_strip,False,
2023,26,兰州大学,77.88,37.93,77.88,,,,,,,,,,2023.webp,https://cacsc.com.cn/2024/2023年教育部直属高校预算汇总.html?utm_source=chatgpt.com,paddleocr_strip,False,
2023,27,华东师范大学,76.35,57.36,76.35,,,,,,,,,,2023.webp,https://cacsc.com.cn/2024/2023年教育部直属高校预算汇总.html?utm_source=chatgpt.com,paddleocr_strip,False,
2023,29,南开大学,70.72,53.81,70.72,,,,,,,,,,2023.webp,https://cacsc.com.cn/2024/2023年教育部直属高校预算汇总.html?utm_source=chatgpt.com,paddleocr_strip,False,
2023,30,西安电子科技大学,68.25,42.65,68.25,,,,,,,,,,2023.webp,https://cacsc.com.cn/2024/2023年教育部直属高校预算汇总.html?utm_source=chatgpt.com,paddleocr_strip,False,
2023,31,中国农业大学,67.07,46.71,67.07,,,,,,,,,,2023.webp,https://cacsc.com.cn/2024/2023年教育部直属高校预算汇总.html?utm_source=chatgpt.com,paddleocr_strip,False,
2023,32,东北大学,66.06,46.95,66.06,,,,,,,,,,2023.webp,https://cacsc.com.cn/2024/2023年教育部直属高校预算汇总.html?utm_source=chatgpt.com,paddleocr_strip,False,
2023,33,西南交通大学,65.17,40.92,65.17,,,,,,,,,,2023.webp,https://cacsc.com.cn/2024/2023年教育部直属高校预算汇总.html?utm_source=chatgpt.com,paddleocr_strip,False,
2023,34,北京科技大学,64.60,40.24,64.60,,,,,,,,,,2023.webp,https://cacsc.com.cn/2024/2023年教育部直属高校预算汇总.html?utm_source=chatgpt.com,paddleocr_strip,False,
2023,35,北京交通大学,61.40,38.43,61.40,,,,,,,,,,2023.webp,https://cacsc.com.cn/2024/2023年教育部直属高校预算汇总.html?utm_source=chatgpt.com,paddleocr_strip,False,
2023,36,北京邮电大学,59.22,30.73,59.22,,,,,,,,,,2023.webp,https://cacsc.com.cn/2024/2023年教育部直属高校预算汇总.html?utm_source=chatgpt.com,paddleocr_strip,False,
2023,37,中国石油大学（北京）,56.59,33.06,56.59,,,,,,,,,,2023.webp,https://cacsc.com.cn/2024/2023年教育部直属高校预算汇总.html?utm_source=chatgpt.com,paddleocr_strip,False,
2023,38,西南大学,55.73,40.35,55.73,,,,,,,,,,2023.webp,https://cacsc.com.cn/2024/2023年教育部直属高校预算汇总.html?utm_source=chatgpt.com,paddleocr_strip,False,
2023,39,河海大学,55.31,37.16,55.31,,,,,,,,,,2023.webp,https://cacsc.com.cn/2024/2023年教育部直属高校预算汇总.html?utm_source=chatgpt.com,paddleocr_strip,False,
2023,40,中国海洋大学,53.86,37.89,53.86,,,,,,,,,,2023.webp,https://cacsc.com.cn/2024/2023年教育部直属高校预算汇总.html?utm_source=chatgpt.com,paddleocr_strip,False,
2023,41,中国地质大学（武汉）,52.74,32.12,52.74,,,,,,,,,,2023.webp,https://cacsc.com.cn/2024/2023年教育部直属高校预算汇总.html?utm_source=chatgpt.com,paddleocr_strip,False,
2023,42,长安大学,49.34,40.11,49.34,,,,,,,,,,2023.webp,https://cacsc.com.cn/2024/2023年教育部直属高校预算汇总.html?utm_source=chatgpt.com,paddleocr_strip,False,
2023,43,中国石油大学（华东）,49.07,32.34,49.07,,,,,,,,,,2023.webp,https://cacsc.com.cn/2024/2023年教育部直属高校预算汇总.html?utm_source=chatgpt.com,paddleocr_strip,False,
2023,44,西北农林科技大学,48.91,37.38,48.91,,,,,,,,,,2023.webp,https://cacsc.com.cn/2024/2023年教育部直属高校预算汇总.html?utm_source=chatgpt.com,paddleocr_strip,False,
2023,45,中国矿业大学,48.79,31.80,48.79,,,,,,,,,,2023.webp,https://cacsc.com.cn/2024/2023年教育部直属高校预算汇总.html?utm_source=chatgpt.com,paddleocr_strip,False,
2023,46,华北电力大学,48.51,30.61,48.51,,,,,,,,,,2023.webp,https://cacsc.com.cn/2024/2023年教育部直属高校预算汇总.html?utm_source=chatgpt.com,paddleocr_strip,False,
2023,47,华中农业大学,47.82,32.92,47.82,,,,,,,,,,2023.webp,https://cacsc.com.cn/2024/2023年教育部直属高校预算汇总.html?utm_source=chatgpt.com,paddleocr_strip,False,
2023,48,江南大学,45.94,29.44,45.94,,,,,,,,,,2023.webp,https://cacsc.com.cn/2024/2023年教育部直属高校预算汇总.html?utm_source=chatgpt.com,paddleocr_strip,False,
2023,49,合肥工业大学,45.91,28.97,45.91,,,,,,,,,,2023.webp,https://cacsc.com.cn/2024/2023年教育部直属高校预算汇总.html?utm_source=chatgpt.com,paddleocr_strip,False,
2023,50,华东理工大学,45.76,30.72,45.76,,,,,,,,,,2023.webp,https://cacsc.com.cn/2024/2023年教育部直属高校预算汇总.html?utm_source=chatgpt.com,paddleocr_strip,False,
2023,51,华中师范大学,39.06,29.33,39.06,,,,,,,,,,2023.webp,https://cacsc.com.cn/2024/2023年教育部直属高校预算汇总.html?utm_source=chatgpt.com,paddleocr_strip,False,
2023,52,陕西师范大学,37.61,28.37,37.61,,,,,,,,,,2023.webp,https://cacsc.com.cn/2024/2023年教育部直属高校预算汇总.html?utm_source=chatgpt.com,paddleocr_strip,False,
2023,53,北京化工大学,37.41,21.90,37.41,,,,,,,,,,2023.webp,https://cacsc.com.cn/2024/2023年教育部直属高校预算汇总.html?utm_source=chatgpt.com,paddleocr_strip,False,
2023,54,东华大学,36.93,22.20,36.93,,,,,,,,,,2023.webp,https://cacsc.com.cn/2024/2023年教育部直属高校预算汇总.html?utm_source=chatgpt.com,paddleocr_strip,False,
2023,55,南京农业大学,33.85,26.67,33.85,,,,,,,,,,2023.webp,https://cacsc.com.cn/2024/2023年教育部直属高校预算汇总.html?utm_source=chatgpt.com,paddleocr_strip,False,
2023,56,北京中医药大学,33.15,27.74,33.15,,,,,,,,,,2023.webp,https://cacsc.com.cn/2024/2023年教育部直属高校预算汇总.html?utm_source=chatgpt.com,paddleocr_strip,False,
2023,57,东北师范大学,30.99,27.05,30.99,,,,,,,,,,2023.webp,https://cacsc.com.cn/2024/2023年教育部直属高校预算汇总.html?utm_source=chatgpt.com,paddleocr_strip,False,
2023,58,中国地质大学（北京）,29.85,17.43,29.85,,,,,,,,,,2023.webp,https://cacsc.com.cn/2024/2023年教育部直属高校预算汇总.html?utm_source=chatgpt.com,paddleocr_strip,False,
2023,59,中国药科大学,29.23,17.69,29.23,,,,,,,,,,2023.webp,https://cacsc.com.cn/2024/2023年教育部直属高校预算汇总.html?utm_source=chatgpt.com,paddleocr_strip,False,
2023,60,中国传媒大学,28.48,21.67,28.48,,,,,,,,,,2023.webp,https://cacsc.com.cn/2024/2023年教育部直属高校预算汇总.html?utm_source=chatgpt.com,paddleocr_strip,False,
2023,61,中央财经大学,26.94,21.09,26.94,,,,,,,,,,2023.webp,https://cacsc.com.cn/2024/2023年教育部直属高校预算汇总.html?utm_source=chatgpt.com,paddleocr_strip,False,
2023,62,中南财经政法大学,26.78,18.00,26.78,,,,,,,,,,2023.webp,https://cacsc.com.cn/2024/2023年教育部直属高校预算汇总.html?utm_source=chatgpt.com,paddleocr_strip,False,
2023,63,中国矿业大学（北京）,23.37,11.80,23.37,,,,,,,,,,2023.webp,https://cacsc.com.cn/2024/2023年教育部直属高校预算汇总.html?utm_source=chatgpt.com,paddleocr_strip,False,
2023,64,北京林业大学,23.37,16.97,23.37,,,,,,,,,,2023.webp,https://cacsc.com.cn/2024/2023年教育部直属高校预算汇总.html?utm_source=chatgpt.com,paddleocr_strip,False,
2023,65,西南财经大学,22.93,21.95,22.93,,,,,,,,,,2023.webp,https://cacsc.com.cn/2024/2023年教育部直属高校预算汇总.html?utm_source=chatgpt.com,paddleocr_strip,False,
2023,66,上海财经大学,21.93,18.85,21.93,,,,,,,,,,2023.webp,https://cacsc.com.cn/2024/2023年教育部直属高校预算汇总.html?utm_source=chatgpt.com,paddleocr_strip,False,
2023,67,东北林业大学,21.07,17.12,21.07,,,,,,,,,,2023.webp,https://cacsc.com.cn/2024/2023年教育部直属高校预算汇总.html?utm_source=chatgpt.com,paddleocr_strip,False,
2023,68,中国政法大学,19.88,16.73,19.88,,,,,,,,,,2023.webp,https://cacsc.com.cn/2024/2023年教育部直属高校预算汇总.html?utm_source=chatgpt.com,paddleocr_strip,False,
2023,69,对外经济贸易大学,19.88,15.51,19.88,,,,,,,,,,2023.webp,https://cacsc.com.cn/2024/2023年教育部直属高校预算汇总.html?utm_source=chatgpt.com,paddleocr_strip,False,
2023,70,上海外国语大学,17.41,12.96,17.41,,,,,,,,,,2023.webp,https://cacsc.com.cn/2024/2023年教育部直属高校预算汇总.html?utm_source=chatgpt.com,paddleocr_strip,False,
2023,71,北京外国语大学,14.30,13.80,14.30,,,,,,,,,,2023.webp,https://cacsc.com.cn/2024/2023年教育部直属高校预算汇总.html?utm_source=chatgpt.com,paddleocr_strip,False,
2023,72,中央美术学院,12.54,8.69,12.54,,,,,,,,,,2023.webp,https://cacsc.com.cn/2024/2023年教育部直属高校预算汇总.html?utm_source=chatgpt.com,paddleocr_strip,False,
2023,73,北京语言大学,11.64,10.01,11.64,,,,,,,,,,2023.webp,https://cacsc.com.cn/2024/2023年教育部直属高校预算汇总.html?utm_source=chatgpt.com,paddleocr_strip,False,
2023,74,中央音乐学院,8.22,7.08,8.22,,,,,,,,,,2023.webp,https://cacsc.com.cn/2024/2023年教育部直属高校预算汇总.html?utm_source=chatgpt.com,paddleocr_strip,False,
2023,75,中央戏剧学院,4.15,3.98,4.15,,,,,,,,,,2023.webp,https://cacsc.com.cn/2024/2023年教育部直属高校预算汇总.html?utm_source=chatgpt.com,paddleocr_strip,False,
2024,1,清华大学,385.69,,,,,410.93,-25.24,,,,,,2024.png,https://zhuanlan.zhihu.com/p/693822580,paddleocr_row,False,
2024,2,浙江大学,328.61,,,,,309.01,19.60,,,,,,2024.png,https://zhuanlan.zhihu.com/p/693822580,paddleocr_row,False,
2024,3,上海交通大学,281.58,,,,,265.16,16.42,,,,,,2024.png,https://zhuanlan.zhihu.com/p/693822580,paddleocr_row,False,
2024,4,北京大学,243.30,,,,,222.47,20.83,,,,,,2024.png,https://zhuanlan.zhihu.com/p/693822580,paddleocr_row,False,
2024,5,复旦大学,182.26,,,,,178.69,3.57,,,,,,2024.png,https://zhuanlan.zhihu.com/p/693822580,paddleocr_row,False,
2024,6,中山大学,178.39,,,,,197.14,-18.75,,,,,,2024.png,https://zhuanlan.zhihu.com/p/693822580,paddleocr_row,False,
2024,7,同济大学,161.31,,,,,152.04,9.27,,,,,,2024.png,https://zhuanlan.zhihu.com/p/693822580,paddleocr_row,False,
2024,8,西安交通大学,160.98,,,,,146.29,14.69,,,,,,2024.png,https://zhuanlan.zhihu.com/p/693822580,paddleocr_row,False,
2024,9,东南大学,160.70,,,,,145.49,15.21,,,,,,2024.png,https://zhuanlan.zhihu.com/p/693822580,paddleocr_row,False,
2024,10,武汉大学,141.20,,,,,151.36,-10.16,,,,,,2024.png,https://zhuanlan.zhihu.com/p/693822580,paddleocr_row,False,
2024,11,山东大学,139.71,,,,,166.58,-26.87,,,,,,2024.png,https://zhuanlan.zhihu.com/p/693822580,paddleocr_row,False,
2024,12,华中科技大学,137.70,,,,,137.37,0.00,,,,,,2024.png,https://zhuanlan.zhihu.com/p/693822580,paddleocr_row,False,
2024,13,南京大学,121.41,,,,,97.49,23.92,,,,,,2024.png,https://zhuanlan.zhihu.com/p/693822580,paddleocr_row,False,
2024,14,华南理工大学,120.39,,,,,125.26,-4.87,,,,,,2024.png,https://zhuanlan.zhihu.com/p/693822580,paddleocr_row,False,
2024,15,四川大学,120.29,,,,,124.01,-3.72,,,,,,2024.png,https://zhuanlan.zhihu.com/p/693822580,paddleocr_row,False,
2024,16,厦门大学,117.24,,,,,113.17,4.07,,,,,,2024.png,https://zhuanlan.zhihu.com/p/693822580,paddleocr_row,False,
2024,17,北京师范大学,116.06,,,,,115.69,0.37,,,,,,2024.png,https://zhuanlan.zhihu.com/p/693822580,paddleocr_row,False,
2024,18,中南大学,108.39,,,,,120.00,-11.61,,,,,,2024.png,https://zhuanlan.zhihu.com/p/693822580,paddleocr_row,False,
2024,19,吉林大学,102.12,,,,,104.72,-2.60,,,,,,2024.png,https://zhuanlan.zhihu.com/p/693822580,paddleocr_row,False,
2024,20,大连理工大学,100.17,,,,,106.13,-5.96,,,,,,2024.png,https://zhuanlan.zhihu.com/p/693822580,paddleocr_row,False,
2024,21,中国人民大学,68.66,,,,,104.48,-4.59,,,,,,2024.png,https://zhuanlan.zhihu.com/p/693822580,paddleocr_row,False,
2024,22,湖南大学,97.84,,,,,79.33,18.51,,,,,,2024.png,https://zhuanlan.zhihu.com/p/693822580,paddleocr_row,False,
2024,23,天津大学,92.25,,,,,91.95,0.30,,,,,,2024.png,https://zhuanlan.zhihu.com/p/693822580,paddleocr_row,False,
2024,24,重庆大学,87.14,,,,,84.54,2.60,,,,,,2024.png,https://zhuanlan.zhihu.com/p/693822580,paddleocr_row,False,
2024,25,中国农业大学,83.40,,,,,67.07,16.33,,,,,,2024.png,https://zhuanlan.zhihu.com/p/693822580,paddleocr_row,False,
2024,26,电子科技大学,80.57,,,,,87.87,-7.30,,,,,,2024.png,https://zhuanlan.zhihu.com/p/693822580,paddleocr_row,False,
2024,27,武汉理工大学,77.12,,,,,71.78,5.34,,,,,,2024.png,https://zhuanlan.zhihu.com/p/693822580,paddleocr_row,False,
2024,28,西安电子科技大学,76.90,,,,,68.25,8.65,,,,,,2024.png,https://zhuanlan.zhihu.com/p/693822580,paddleocr_row,False,
2024,29,东北大学,74.34,,,,,66.06,8.28,,,,,,2024.png,https://zhuanlan.zhihu.com/p/693822580,paddleocr_row,False,
2024,30,华东师范大学,74.20,,,,,76.35,-2.15,,,,,,2024.png,https://zhuanlan.zhihu.com/p/693822580,paddleocr_row,False,
2024,31,北京科技大学,72.83,,,,,64.60,8.23,,,,,,2024.png,https://zhuanlan.zhihu.com/p/693822580,paddleocr_row,False,
2024,32,西南交通大学,66.52,,,,,65.17,1.35,,,,,,2024.png,https://zhuanlan.zhihu.com/p/693822580,paddleocr_row,False,
2024,33,北京交通大学,66.35,,,,,61.40,4.95,,,,,,2024.png,https://zhuanlan.zhihu.com/p/693822580,paddleocr_row,False,
2024,34,兰州大学,66.21,,,,,77.88,-11.67,,,,,,2024.png,https://zhuanlan.zhihu.com/p/693822580,paddleocr_row,False,
2024,35,南开大学,64.03,,,,,70.72,-6.69,,,,,,2024.png,https://zhuanlan.zhihu.com/p/693822580,paddleocr_row,False,
2024,36,中国海洋大学,61.56,,,,,53.86,7.70,,,,,,2024.png,https://zhuanlan.zhihu.com/p/693822580,paddleocr_row,False,
2024,37,北京邮电大学,60.97,,,,,59.22,1.75,,,,,,2024.png,https://zhuanlan.zhihu.com/p/693822580,paddleocr_row,False,
2024,38,西北农林科技大学,60.10,,,,,48.91,11.19,,,,,,2024.png,https://zhuanlan.zhihu.com/p/693822580,paddleocr_row,False,
2024,39,西南大学,58.23,,,,,55.73,2.50,,,,,,2024.png,https://zhuanlan.zhihu.com/p/693822580,paddleocr_row,False,
2024,40,中国石油大学（北京）,55.85,,,,,56.59,-0.74,,,,,,2024.png,https://zhuanlan.zhihu.com/p/693822580,paddleocr_row,False,
2024,41,中国地质大学（武汉）,55.49,,,,,52.74,2.75,,,,,,2024.png,https://zhuanlan.zhihu.com/p/693822580,paddleocr_row,False,
2024,42,华北电力大学,52.47,,,,,48.51,3.96,,,,,,2024.png,https://zhuanlan.zhihu.com/p/693822580,paddleocr_row,False,
2024,43,中国矿业大学,51.02,,,,,48.79,2.23,,,,,,2024.png,https://zhuanlan.zhihu.com/p/693822580,paddleocr_row,False,
2024,44,中国石油大学（华东）,50.12,,,,,49.07,1.05,,,,,,2024.png,https://zhuanlan.zhihu.com/p/693822580,paddleocr_row,False,
2024,45,江南大学,49.47,,,,,45.94,3.53,,,,,,2024.png,https://zhuanlan.zhihu.com/p/693822580,paddleocr_row,False,
2024,46,河海大学,49.20,,,,,55.31,-6.11,,,,,,2024.png,https://zhuanlan.zhihu.com/p/693822580,paddleocr_row,False,
2024,47,华中农业大学,48.85,,,,,47.82,1.03,,,,,,2024.png,https://zhuanlan.zhihu.com/p/693822580,paddleocr_row,False,
2024,48,合肥工业大学,48.69,,,,,45.91,2.78,,,,,,2024.png,https://zhuanlan.zhihu.com/p/693822580,paddleocr_row,False,
2024,49,长安大学,48.06,,,,,49.34,-1.28,,,,,,2024.png,https://zhuanlan.zhihu.com/p/693822580,paddleocr_row,False,
2024,50,华东理工大学,46.91,,,,,45.76,1.15,,,,,,2024.png,https://zhuanlan.zhihu.com/p/693822580,paddleocr_row,False,
2024,51,北京化工大学,39.78,,,,,37.41,2.37,,,,,,2024.png,https://zhuanlan.zhihu.com/p/693822580,paddleocr_row,False,
2024,52,华中师范大学,39.73,,,,,39.06,0.67,,,,,,2024.png,https://zhuanlan.zhihu.com/p/693822580,paddleocr_row,False,
2024,53,东华大学,37.35,,,,,36.93,0.42,,,,,,2024.png,https://zhuanlan.zhihu.com/p/693822580,paddleocr_row,False,
2024,54,中国地质大学（北京）,36.01,,,,,29.85,6.16,,,,,,2024.png,https://zhuanlan.zhihu.com/p/693822580,paddleocr_row,False,
2024,55,陕西师范大学,35.88,,,,,37.61,-1.73,,,,,,2024.png,https://zhuanlan.zhihu.com/p/693822580,paddleocr_row,False,
2024,56,南京农业大学,35.77,,,,,33.85,1.92,,,,,,2024.png,https://zhuanlan.zhihu.com/p/693822580,paddleocr_row,False,
2024,57,北京中医药大学,34.81,,,,,33.15,1.66,,,,,,2024.png,https://zhuanlan.zhihu.com/p/693822580,paddleocr_row,False,
2024,58,中国药科大学,33.48,,,,,29.23,4.25,,,,,,2024.png,https://zhuanlan.zhihu.com/p/693822580,paddleocr_row,False,
2024,59,东北师范大学,66.00,,,,,,,,,,,,2024.png,https://zhuanlan.zhihu.com/p/693822580,paddleocr_row,False,
2024,60,中国传媒大学,28.81,,,,,28.48,0.33,,,,,,2024.png,https://zhuanlan.zhihu.com/p/693822580,paddleocr_row,False,
2024,61,中南财经政法大学,26.44,,,,,26.78,-0.34,,,,,,2024.png,https://zhuanlan.zhihu.com/p/693822580,paddleocr_row,False,
2024,62,北京林业大学,25.59,,,,,23.37,2.22,,,,,,2024.png,https://zhuanlan.zhihu.com/p/693822580,paddleocr_row,False,
2024,63,上海财经大学,25.44,,,,,21.93,3.51,,,,,,2024.png,https://zhuanlan.zhihu.com/p/693822580,paddleocr_row,False,
2024,64,中央财经大学,25.28,,,,,26.94,-0.06,,,,,,2024.png,https://zhuanlan.zhihu.com/p/693822580,paddleocr_row,False,
2024,65,中国矿业大学（北京）,25.26,,,,,23.37,1.89,,,,,,2024.png,https://zhuanlan.zhihu.com/p/693822580,paddleocr_row,False,
2024,66,西南财经大学,23.15,,,,,22.93,0.22,,,,,,2024.png,https://zhuanlan.zhihu.com/p/693822580,paddleocr_row,False,
2024,67,中国政法大学,20.71,,,,,19.88,0.83,,,,,,2024.png,https://zhuanlan.zhihu.com/p/693822580,paddleocr_row,False,
2024,68,东北林业大学,20.45,,,,,21.07,-0.62,,,,,,2024.png,https://zhuanlan.zhihu.com/p/693822580,paddleocr_row,False,
2024,69,对外经济贸易大学,20.09,,,,,19.88,0.21,,,,,,2024.png,https://zhuanlan.zhihu.com/p/693822580,paddleocr_row,False,
2024,70,北京外国语大学,17.18,,,,,14.30,2.88,,,,,,2024.png,https://zhuanlan.zhihu.com/p/693822580,paddleocr_row,False,
2024,71,上海外国语大学,16.37,,,,,17.41,-1.04,,,,,,2024.png,https://zhuanlan.zhihu.com/p/693822580,paddleocr_row,False,
2024,72,中央美术学院,12.90,,,,,12.54,0.36,,,,,,2024.png,https://zhuanlan.zhihu.com/p/693822580,paddleocr_row,False,
2024,73,北京语言大学,12.21,,,,,11.64,0.57,,,,,,2024.png,https://zhuanlan.zhihu.com/p/693822580,paddleocr_row,False,
2024,74,中央音乐学院,10.88,,,,,8.22,2.66,,,,,,2024.png,https://zhuanlan.zhihu.com/p/693822580,paddleocr_row,False,
2024,75,中央戏剧学院,4.23,,,,,4.15,0.08,,,,,,2024.png,https://zhuanlan.zhihu.com/p/693822580,paddleocr_row,False,
2025,1,清华大学,395.18,291.56,,,,385.69,,,,,,,2025.webp,https://news.qq.com/rain/a/20250418A08R7100,paddleocr_row,False,
2025,2,浙江大学,352.31,206.59,,,,328.81,,,,,,,2025.webp,https://news.qq.com/rain/a/20250418A08R7100,paddleocr_row,False,
2025,3,上海交通大学,294.48,,,,,,,,,,,,2025.webp,https://news.qq.com/rain/a/20250418A08R7100,paddleocr_row,False,
2025,4,北京大学,259.14,172.62,,,,243.30,,,,,,,2025.webp,https://news.qq.com/rain/a/20250418A08R7100,paddleocr_row,False,
2025,6,中山大学,216.22,15.63,,,,178.39,,,,,,,2025.webp,https://news.qq.com/rain/a/20250418A08R7100,paddleocr_row,False,
2025,7,复旦大学,182.95,122.66,,,,182.26,,,,,,,2025.webp,https://news.qq.com/rain/a/20250418A08R7100,paddleocr_row,False,
2025,8,同济大学,174.98,100.13,,,,161.31,,,,,,,2025.webp,https://news.qq.com/rain/a/20250418A08R7100,paddleocr_row,False,
2025,9,西安交通大学,661.00,107.25,,,,160.98,,,,,,,2025.webp,https://news.qq.com/rain/a/20250418A08R7100,paddleocr_row,False,
2025,11,东南大学,162.85,105.80,,,,160.70,,,,,,,2025.webp,https://news.qq.com/rain/a/20250418A08R7100,paddleocr_row,False,
2025,12,山东大学,161.96,116.64,,,,139.71,,,,,,,2025.webp,https://news.qq.com/rain/a/20250418A08R7100,paddleocr_row,False,
2025,13,武汉大学,145.51,88.53,,,,141.20,,,,,,,2025.webp,https://news.qq.com/rain/a/20250418A08R7100,paddleocr_row,False,
2025,14,华中科技大学,45.36,98.33,,,,137.70,,,,,,,2025.webp,https://news.qq.com/rain/a/20250418A08R7100,paddleocr_row,False,
2025,16,厦门大学,128.59,88.14,,,,117.24,,,,,,,2025.webp,https://news.qq.com/rain/a/20250418A08R7100,paddleocr_row,False,
2025,18,南京大学,127.18,,,,,,,,,,,,2025.webp,https://news.qq.com/rain/a/20250418A08R7100,paddleocr_row,False,
2025,19,华南理工大学,126.50,120.39,,,,,,,,,,,2025.webp,https://news.qq.com/rain/a/20250418A08R7100,paddleocr_row,False,
2025,20,四川大学,124.98,84.42,,,,120.29,,,,,,,2025.webp,https://news.qq.com/rain/a/20250418A08R7100,paddleocr_row,False,
2025,23,大连理工大学,106.80,77.70,,,,100.17,,,,,,,2025.webp,https://news.qq.com/rain/a/20250418A08R7100,paddleocr_row,False,
2025,24,重庆大学,106.27,71.19,,,,87.14,,,,,,,2025.webp,https://news.qq.com/rain/a/20250418A08R7100,paddleocr_row,False,
2025,25,天津大学,106.23,69.99,,,,92.25,,,,,,,2025.webp,https://news.qq.com/rain/a/20250418A08R7100,paddleocr_row,False,
2025,26,吉林大学,104.32,72.90,,,,102.12,,,,,,,2025.webp,https://news.qq.com/rain/a/20250418A08R7100,paddleocr_row,False,
2025,27,湖南大学,103.63,71.01,,,,97.84,,,,,,,2025.webp,https://news.qq.com/rain/a/20250418A08R7100,paddleocr_row,False,
2025,28,中国农业大学,100.47,69.72,,,,,,,,,,,2025.webp,https://news.qq.com/rain/a/20250418A08R7100,paddleocr_row,False,
2025,29,电子科技大学,63.90,,,,,,,,,,,,2025.webp,https://news.qq.com/rain/a/20250418A08R7100,paddleocr_row,False,
2025,30,中国人民大学,91.73,68.35,,,,,,,,,,,2025.webp,https://news.qq.com/rain/a/20250418A08R7100,paddleocr_row,False,
2025,33,西安电子科技大学,85.46,48.95,,,,76.90,,,,,,,2025.webp,https://news.qq.com/rain/a/20250418A08R7100,paddleocr_row,False,
2025,34,西南交通大学,84.62,60.46,,,,66.52,,,,,,,2025.webp,https://news.qq.com/rain/a/20250418A08R7100,paddleocr_row,False,
2025,35,西北农林科技大学,83.68,68.74,,,,60.10,,,,,,,2025.webp,https://news.qq.com/rain/a/20250418A08R7100,paddleocr_row,False,
2025,36,华东师范大学,82.29,63.49,,,,74.20,,,,,,,2025.webp,https://news.qq.com/rain/a/20250418A08R7100,paddleocr_row,False,
2025,37,武汉理工大学,81.99,59.79,,,,77.12,,,,,,,2025.webp,https://news.qq.com/rain/a/20250418A08R7100,paddleocr_row,False,
2025,40,兰州大学,78.37,52.27,,,,66.21,,,,,,,2025.webp,https://news.qq.com/rain/a/20250418A08R7100,paddleocr_row,False,
2025,41,北京科技大学,78.31,46.69,,,,72.83,,,,,,,2025.webp,https://news.qq.com/rain/a/20250418A08R7100,paddleocr_row,False,
2025,42,北京交通大学,71.83,45.43,,,,66.35,,,,,,,2025.webp,https://news.qq.com/rain/a/20250418A08R7100,paddleocr_row,False,
2025,43,中国石油大学（北京）,36.05,55.85,,,,,,,,,,,2025.webp,https://news.qq.com/rain/a/20250418A08R7100,paddleocr_row,False,
2025,44,南开大学,66.78,53.21,,,,20.00,,,,,,,2025.webp,https://news.qq.com/rain/a/20250418A08R7100,paddleocr_row,False,
2025,46,合肥工业大学,66.13,37.74,,,,48.69,,,,,,,2025.webp,https://news.qq.com/rain/a/20250418A08R7100,paddleocr_row,False,
2025,47,西南大学,64.20,48.20,,,,58.23,,,,,,,2025.webp,https://news.qq.com/rain/a/20250418A08R7100,paddleocr_row,False,
2025,48,中国矿业大学,63.86,36.07,,,,51.02,,,,,,,2025.webp,https://news.qq.com/rain/a/20250418A08R7100,paddleocr_row,False,
2025,49,中国海洋大学,38.00,,,,,,,,,,,,2025.webp,https://news.qq.com/rain/a/20250418A08R7100,paddleocr_row,False,
2025,50,北京邮电大学,63.20,42.48,,,,,,,,,,,2025.webp,https://news.qq.com/rain/a/20250418A08R7100,paddleocr_row,False,
2025,51,河海大学,60.78,35.70,,,,49.20,,,,,,,2025.webp,https://news.qq.com/rain/a/20250418A08R7100,paddleocr_row,False,
2025,52,华中农业大学,58.19,38.79,,,,48.85,,,,,,,2025.webp,https://news.qq.com/rain/a/20250418A08R7100,paddleocr_row,False,
2025,53,华北电力大学,57.84,37.16,,,,52.47,,,,,,,2025.webp,https://news.qq.com/rain/a/20250418A08R7100,paddleocr_row,False,rank OCR疑似为29，按行序校正为53
2025,54,中国地质大学（武汉）,33.00,55.49,,,,,,,,,,,2025.webp,https://news.qq.com/rain/a/20250418A08R7100,paddleocr_row,False,rank OCR疑似为9，按行序校正为54
2025,55,华东理工大学,54.93,35.64,,,,4.91,,,,,,,2025.webp,https://news.qq.com/rain/a/20250418A08R7100,paddleocr_row,False,
2025,56,江南大学,52.99,32.71,,,,49.47,,,,,,,2025.webp,https://news.qq.com/rain/a/20250418A08R7100,paddleocr_row,False,
2025,57,南京农业大学,52.46,36.84,,,,35.70,,,,,,,2025.webp,https://news.qq.com/rain/a/20250418A08R7100,paddleocr_row,False,
2025,58,长安大学,48.44,38.83,,,,48.06,,,,,,,2025.webp,https://news.qq.com/rain/a/20250418A08R7100,paddleocr_row,False,
2025,59,中国石油大学（华东）,47.71,31.18,,,,50.12,,,,,,,2025.webp,https://news.qq.com/rain/a/20250418A08R7100,paddleocr_row,False,
2025,60,北京中医药大学,46.48,35.66,,,,34.81,,,,,,,2025.webp,https://news.qq.com/rain/a/20250418A08R7100,paddleocr_row,False,
2025,61,华中师范大学,43.74,32.74,,,,39.73,,,,,,,2025.webp,https://news.qq.com/rain/a/20250418A08R7100,paddleocr_row,False,
2025,62,北京化工大学,42.70,24.97,,,,82.62,,,,,,,2025.webp,https://news.qq.com/rain/a/20250418A08R7100,paddleocr_row,False,
2025,63,北京林业大学,42.40,24.86,,,,25.59,,,,,,,2025.webp,https://news.qq.com/rain/a/20250418A08R7100,paddleocr_row,False,
2025,64,中国地质大学（北京）,40.13,23.31,,,,36.01,,,,,,,2025.webp,https://news.qq.com/rain/a/20250418A08R7100,paddleocr_row,False,
2025,65,中国药科大学,39.48,21.92,,,,33.48,,,,,,,2025.webp,https://news.qq.com/rain/a/20250418A08R7100,paddleocr_row,False,
2025,66,东华大学,38.54,26.09,,,,,,,,,,,2025.webp,https://news.qq.com/rain/a/20250418A08R7100,paddleocr_row,False,
2025,67,陕西师范大学,37.21,34.49,,,,35.88,,,,,,,2025.webp,https://news.qq.com/rain/a/20250418A08R7100,paddleocr_row,False,
2025,68,东北师范大学,33.06,27.20,,,,66.02,,,,,,,2025.webp,https://news.qq.com/rain/a/20250418A08R7100,paddleocr_row,False,
2025,69,中国传媒大学,29.98,22.47,,,,28.81,,,,,,,2025.webp,https://news.qq.com/rain/a/20250418A08R7100,paddleocr_row,False,
2025,70,中国矿业大学（北京）,29.82,,,,,,,,,,,,2025.webp,https://news.qq.com/rain/a/20250418A08R7100,paddleocr_row,False,
2025,71,中央财经大学,28.26,,,,,,,,,,,,2025.webp,https://news.qq.com/rain/a/20250418A08R7100,paddleocr_row,False,
2025,72,上海财经大学,27.00,23.02,,,,25.44,,,,,,,2025.webp,https://news.qq.com/rain/a/20250418A08R7100,paddleocr_row,False,
2025,74,中南财经政法大学,25.24,21.50,,,,26.44,,,,,,,2025.webp,https://news.qq.com/rain/a/20250418A08R7100,paddleocr_row,False,
2025,75,西南财经大学,23.77,21.66,,,,23.15,,,,,,,2025.webp,https://news.qq.com/rain/a/20250418A08R7100,paddleocr_row,False,
2025,76,中国政法大学,21.32,17.94,,,,20.71,,,,,,,2025.webp,https://news.qq.com/rain/a/20250418A08R7100,paddleocr_row,False,
2025,77,对外经济贸易大学,19.00,20.00,,,,,,,,,,,2025.webp,https://news.qq.com/rain/a/20250418A08R7100,paddleocr_row,False,
2025,78,北京外国语大学,17.44,,,,,,,,,,,,2025.webp,https://news.qq.com/rain/a/20250418A08R7100,paddleocr_row,False,
2025,79,上海外国语大学,16.49,14.99,,,,16.37,,,,,,,2025.webp,https://news.qq.com/rain/a/20250418A08R7100,paddleocr_row,False,
2025,80,北京语言大学,12.87,12.21,,,,,,,,,,,2025.webp,https://news.qq.com/rain/a/20250418A08R7100,paddleocr_row,False,
2025,81,中央美术学院,12.28,12.90,,,,,,,,,,,2025.webp,https://news.qq.com/rain/a/20250418A08R7100,paddleocr_row,False,
2025,82,中央音乐学院,9.29,8.46,,,,920.00,,,,,,,2025.webp,https://news.qq.com/rain/a/20250418A08R7100,paddleocr_row,False,
2026,1,清华大学,403.93,297.59,,,,395.18,,,,,,,2026.png,,paddleocr_row,False,
2026,2,浙江大学,382.46,225.61,,,,352.31,,,,,,,2026.png,,paddleocr_row,False,
2026,3,上海交通大学,304.11,216.85,,,,294.48,,,,,,,2026.png,,paddleocr_row,False,
2026,4,北京大学,280.49,184.99,,,,259.14,,,,,,,2026.png,,paddleocr_row,False,
2026,6,中山大学,213.85,155.01,,,,216.22,,,,,,,2026.png,,paddleocr_row,False,
2026,7,复旦大学,62.66,144.79,,,,182.95,,,,,,,2026.png,,paddleocr_row,False,
2026,8,西安交通大学,185.56,11.32,,,,,,,,,,,2026.png,,paddleocr_row,False,
2026,9,同济大学,171.63,132.71,,,,174.98,,,,,,,2026.png,,paddleocr_row,False,
2026,12,东南大学,167.91,116.71,,,,,,,,,,,2026.png,,paddleocr_row,False,
2026,13,山东大学,165.76,118.76,,,,161.96,,,,,,,2026.png,,paddleocr_row,False,
2026,15,华中科技大学,157.82,105.35,,,,,,,,,,,2026.png,,paddleocr_row,False,
2026,16,北京科技大学,149.04,85.55,,,,,,,,,,,2026.png,,paddleocr_row,False,
2026,17,南京大学,146.67,91.34,,,,127.18,,,,,,,2026.png,,paddleocr_row,False,
2026,18,武汉大学,1.00,93.22,,,,,,,,,,,2026.png,,paddleocr_row,False,
2026,19,厦门大学,96.79,,,,,,,,,,,,2026.png,,paddleocr_row,False,
2026,20,北京交通大学,96.21,,,,,,,,,,,,2026.png,,paddleocr_row,False,
2026,23,华南理工大学,129.52,72.66,,,,126.50,,,,,,,2026.png,,paddleocr_row,False,
2026,24,四川大学,129.25,92.53,,,,124.98,,,,,,,2026.png,,paddleocr_row,False,
2026,25,中南大学,121.38,,,,,,,,,,,,2026.png,,paddleocr_row,False,
2026,26,重庆大学,117.71,106.27,,,,,,,,,,,2026.png,,paddleocr_row,False,
2026,27,天津大学,114.59,76.03,,,,106.23,,,,,,,2026.png,,paddleocr_row,False,
2026,28,吉林大学,113.21,14.00,,,,,,,,,,,2026.png,,paddleocr_row,False,rank OCR疑似为14，按行序校正为28
2026,29,大连理工大学,112.77,,,,,,,,,,,,2026.png,,paddleocr_row,False,
2026,30,湖南大学,108.05,69.38,,,,103.63,,,,,,,2026.png,,paddleocr_row,False,
2026,31,中国农业大学,102.19,68.35,,,,100.47,,,,,,,2026.png,,paddleocr_row,False,
2026,32,电子科技大学,97.53,64.68,,,,95.73,,,,,,,2026.png,,paddleocr_row,False,
2026,36,西安电子科技大学,94.91,,,,,,,,,,,,2026.png,,paddleocr_row,False,
2026,37,西南交通大学,94.36,64.69,,,,84.62,,,,,,,2026.png,,paddleocr_row,False,
2026,38,中国人民大学,93.79,65.88,,,,91.73,,,,,,,2026.png,,paddleocr_row,False,rank OCR疑似为89，按行序校正为38
2026,39,西北农林科技大学,66.26,83.68,,,,,,,,,,,2026.png,,paddleocr_row,False,
2026,41,华东师范大学,87.42,66.63,,,,,,,,,,,2026.png,,paddleocr_row,False,
2026,42,武汉理工大学,84.29,60.55,,,,81.99,,,,,,,2026.png,,paddleocr_row,False,
2026,43,兰州大学,81.45,59.55,,,,78.37,,,,,,,2026.png,,paddleocr_row,False,
2026,44,北京林业大学,78.20,42.14,,,,,,,,,,,2026.png,,paddleocr_row,False,
2026,45,南开大学,74.28,8.69,,,,66.78,,,,,,,2026.png,,paddleocr_row,False,
2026,46,合肥工业大学,73.63,42.05,,,,66.13,,,,,,,2026.png,,paddleocr_row,False,
2026,48,中国矿业大学,66.95,386.00,,,,63.86,,,,,,,2026.png,,paddleocr_row,False,
2026,49,北京邮电大学,64.91,45.82,,,,63.20,,,,,,,2026.png,,paddleocr_row,False,
2026,50,中国石油大学（北京）,64.73,40.47,,,,68.22,,,,,,,2026.png,,paddleocr_row,False,
2026,51,河海大学,63.50,37.64,,,,6.78,,,,,,,2026.png,,paddleocr_row,False,
2026,52,中国海洋大学,62.98,39.45,,,,63.63,,,,,,,2026.png,,paddleocr_row,False,
2026,53,西南大学,62.52,49.48,,,,6.20,,,,,,,2026.png,,paddleocr_row,False,
2026,54,华北电力大学,62.24,57.84,,,,,,,,,,,2026.png,,paddleocr_row,False,
2026,55,南京农业大学,62.19,52.46,,,,,,,,,,,2026.png,,paddleocr_row,False,
2026,56,江南大学,61.73,38.58,,,,,,,,,,,2026.png,,paddleocr_row,False,
2026,57,华东理工大学,60.71,40.47,,,,,,,,,,,2026.png,,paddleocr_row,False,
2026,58,华中农业大学,60.47,13.02,,,,58.19,,,,,,,2026.png,,paddleocr_row,False,
2026,60,中国地质大学（武汉）,58.54,40.20,,,,55.06,,,,,,,2026.png,,paddleocr_row,False,
2026,61,长安大学,54.46,43.07,,,,48.44,,,,,,,2026.png,,paddleocr_row,False,
2026,62,华中师范大学,52.67,36.87,,,,43.74,,,,,,,2026.png,,paddleocr_row,False,
2026,64,北京化工大学,45.66,27.67,,,,42.77,,,,,,,2026.png,,paddleocr_row,False,
2026,65,中国药科大学,44.95,24.83,,,,39.48,,,,,,,2026.png,,paddleocr_row,False,
2026,66,北京中医药大学,41.26,32.30,,,,46.48,,,,,,,2026.png,,paddleocr_row,False,
2026,67,东华大学,40.87,28.60,,,,,,,,,,,2026.png,,paddleocr_row,False,
2026,68,陕西师范大学,40.77,34.07,,,,,,,,,,,2026.png,,paddleocr_row,False,
2026,69,东北师范大学,34.81,28.86,,,,33.06,,,,,,,2026.png,,paddleocr_row,False,
2026,70,中国矿业大学（北京）,34.61,18.06,,,,,,,,,,,2026.png,,paddleocr_row,False,
2026,71,中央财经大学,31.16,24.55,,,,,,,,,,,2026.png,,paddleocr_row,False,
2026,72,中国传媒大学,29.22,23.16,,,,,,,,,,,2026.png,,paddleocr_row,False,
2026,73,东北林业大学,28.14,24.17,,,,,,,,,,,2026.png,,paddleocr_row,False,
2026,74,上海财经大学,26.47,23.60,,,,27.00,,,,,,,2026.png,,paddleocr_row,False,
2026,75,中南财经政法大学,24.34,21.76,,,,25.24,,,,,,,2026.png,,paddleocr_row,False,
2026,76,西南财经大学,24.10,22.63,,,,23.70,,,,,,,2026.png,,paddleocr_row,False,
2026,77,北京外国语大学,21.13,203.00,,,,74.00,,,,,,,2026.png,,paddleocr_row,False,
2026,78,中国政法大学,16.61,,,,,,,,,,,,2026.png,,paddleocr_row,False,
2026,79,对外经济贸易大学,18.20,4.50,,,,19.00,,,,,,,2026.png,,paddleocr_row,False,
2026,80,上海外国语大学,17.80,16.20,,,,1.00,,,,,,,2026.png,,paddleocr_row,False,rank OCR疑似为1，按行序校正为80
2026,81,北京语言大学,16.78,15.51,,,,,,,,,,,2026.png,,paddleocr_row,False,
2026,82,中央美术学院,11.70,9.14,,,,12.28,,,,,,,2026.png,,paddleocr_row,False,rank OCR疑似为2，按行序校正为82
2026,83,中央音乐学院,8.73,7.94,,,,9.29,,,,,,,2026.png,,paddleocr_row,False,rank OCR疑似为28，按行序校正为83
